subject_uuid,Test Type,Date,Time,BW [KG],Reps,Tags,Peak Vertical Force [N] ,Peak Vertical Force / BM [N/kg] ,Start Time to Peak Force [s] ,Absolute Impulse - 150ms [N s] ,Absolute Impulse - 100ms [N s] ,Absolute Impulse - 200ms [N s] ,Force at 100ms [N] ,Force at 150ms [N] ,Force at 200ms [N] ,Force at 100ms / BM [N/kg] ,Force at 150ms / BM [N/kg] ,Force at 200ms / BM [N/kg] ,Force (Net of BW) at 100ms [N] ,Force (Net of BW) at 150ms [N] ,Force (Net of BW) at 200ms [N] 
df79741a-0c54-486b-8a9c-644933bb2932,IMTP,04/25/2026,1:00 AM,77.96,1,,3029,38.85,3.521,190.3,108.0,296.7,1378,1924,2267,17.67,24.67,29.07,613,1159,1502
b680bdf4-68b7-4866-a877-fbc866ff6600,IMTP,04/25/2026,12:59 AM,75.2,1,,3114,41.40,3.205,199.6,114.3,304.6,1488,1910,2273,19.78,25.39,30.22,750,1172,1535
8720d9d1-c213-400a-bd49-d989bc14b14d,IMTP,04/25/2026,12:58 AM,67.32,1,,3299,49.00,4.014,150.5,92.2,224.7,1059,1289,1707,15.73,19.14,25.35,398,628,1046
81ddf3f9-a4cd-4885-97de-f8a7f387c208,IMTP,04/25/2026,12:58 AM,61.88,1,,2383,38.50,1.353,119.7,75.7,173.1,819,956,1221,13.23,15.44,19.73,212,349,614
244d461e-64e6-4e31-9161-07efb9485361,IMTP,04/25/2026,12:58 AM,81.34,1,,3786,46.54,3.423,218.9,125.9,334.7,1499,2186,2348,18.42,26.87,28.86,701,1388,1550
3a64a8ed-9513-4652-982a-3a3573852f3d,IMTP,04/25/2026,12:57 AM,69.19,1,,2480,35.84,3.172,118.8,76.6,165.7,822,873,1048,11.87,12.61,15.14,143,194,369
3b64d0cc-84bd-4d01-8932-816eb6e5408b,IMTP,04/25/2026,12:56 AM,74.08,1,,2905,39.21,2.849,127.0,80.1,181.4,883,1003,1190,11.91,13.53,16.06,156,276,463
a3eff9b3-1369-4738-afb3-530948180241,IMTP,04/25/2026,12:56 AM,66.32,1,,2897,43.68,1.730,168.0,99.6,253.8,1189,1537,1913,17.92,23.17,28.84,538,886,1262
60cf5fd7-297f-45eb-982f-6780b2558107,IMTP,04/25/2026,12:56 AM,78.04,1,,3403,43.60,3.658,190.7,108.4,298.1,1417,1883,2389,18.15,24.12,30.61,651,1117,1623
66ccd6ec-cb42-481d-90cf-2ca609a9eef8,IMTP,04/25/2026,12:55 AM,70.62,1,,3104,43.95,3.009,247.4,135.2,363.9,1914,2457,2240,27.10,34.79,31.71,1221,1764,1547
81ddf3f9-a4cd-4885-97de-f8a7f387c208,IMTP,04/25/2026,12:55 AM,61.88,1,,2545,41.12,1.751,112.0,72.0,156.1,757,850,915,12.23,13.73,14.78,150,243,308
888bc2d4-4923-415f-bbd5-3568e2bc0f51,IMTP,04/25/2026,12:54 AM,90.3,1,,3346,37.05,3.858,203.7,122.8,298.4,1502,1731,2059,16.63,19.17,22.80,616,845,1173
3a64a8ed-9513-4652-982a-3a3573852f3d,IMTP,04/25/2026,12:54 AM,69.21,1,,2418,34.93,3.792,154.1,100.7,206.9,1065,1060,1055,15.38,15.31,15.24,386,381,376
b680bdf4-68b7-4866-a877-fbc866ff6600,IMTP,04/25/2026,12:53 AM,75.15,1,,3140,41.78,1.799,215.6,119.9,331.2,1621,2186,2369,21.57,29.09,31.53,884,1449,1632
a3eff9b3-1369-4738-afb3-530948180241,IMTP,04/25/2026,12:52 AM,66.66,1,,2944,44.16,2.805,137.4,88.8,191.2,932,1011,1156,13.98,15.16,17.34,278,357,502
df79741a-0c54-486b-8a9c-644933bb2932,IMTP,04/25/2026,12:52 AM,78.05,1,,2981,38.19,5.120,204.9,121.7,313.2,1418,1938,2342,18.16,24.83,30.00,652,1172,1576
244d461e-64e6-4e31-9161-07efb9485361,IMTP,04/25/2026,12:51 AM,81.4,1,,3842,47.20,3.540,278.9,162.9,392.5,2207,2320,2280,27.11,28.50,28.01,1409,1522,1482
3b64d0cc-84bd-4d01-8932-816eb6e5408b,IMTP,04/25/2026,12:50 AM,74.04,1,,2883,38.94,2.394,154.5,98.5,220.4,1064,1198,1446,14.37,16.18,19.53,338,472,720
8720d9d1-c213-400a-bd49-d989bc14b14d,IMTP,04/25/2026,12:50 AM,67.41,1,,3215,47.69,2.283,139.2,88.4,195.6,985,1053,1223,14.61,15.62,18.14,324,392,562
66ccd6ec-cb42-481d-90cf-2ca609a9eef8,IMTP,04/25/2026,12:48 AM,70.51,1,,2975,42.19,3.271,218.2,128.0,320.5,1647,1927,2139,23.36,27.33,30.34,956,1236,1448
22254221-cc7b-4ece-831b-7753a96090d1,IMTP,04/25/2026,12:37 AM,60.39,1,,2047,33.89,2.510,142.1,80.5,217.2,1080,1373,1620,17.88,22.73,26.82,488,781,1028
06c71e5c-cd0f-430a-bb03-3baa86430007,IMTP,04/25/2026,12:36 AM,63.66,1,,2457,38.59,4.083,132.9,82.3,195.4,934,1112,1403,14.67,17.46,22.03,309,487,778
ab4b4d22-e858-4de3-9113-2e5b9c177500,IMTP,04/25/2026,12:35 AM,67.72,1,,2000,29.53,2.684,127.7,82.4,178.1,866,956,1062,12.79,14.12,15.68,202,292,398
a4203d99-23a3-4d17-83a5-edfbf9a266c0,IMTP,04/25/2026,12:33 AM,67.39,1,,2185,32.42,3.841,148.5,88.5,222.3,1066,1344,1591,15.82,19.94,23.61,405,683,930
9a1b030b-629b-4dd0-b77e-6543ac15dc67,IMTP,04/25/2026,12:32 AM,73.01,2,,1846,25.29,1.965,135.4,86.2,194.6,915,1075,1301,12.53,14.72,17.81,199,359,585
f3293177-dfe2-45e1-8f9e-d774d61c92ec,IMTP,04/25/2026,12:30 AM,66.14,1,,1998,30.21,2.739,149.2,95.1,212.4,1010,1163,1376,15.27,17.58,20.80,361,514,727
40432303-15b6-4517-b85c-2c2012d97137,IMTP,04/25/2026,12:30 AM,74.71,1,,2344,31.37,4.906,150.1,96.6,210.8,1015,1149,1254,13.58,15.37,16.78,282,416,521
cbe72f8c-5ae1-465a-a3f5-45039d13e470,IMTP,04/25/2026,12:29 AM,67.32,1,,2181,32.39,5.023,134.7,83.7,196.3,942,1109,1369,13.99,16.47,20.33,281,448,708
854f037e-3158-45cf-b5ea-9c709641e417,IMTP,04/25/2026,12:28 AM,74.48,1,,2428,32.60,3.344,137.8,90.1,189.5,941,981,1084,12.63,13.17,14.55,211,251,354
29c053b7-322e-4e20-8773-83b2e6fae05f,IMTP,04/25/2026,12:26 AM,62.5,1,,2448,39.16,1.786,146.1,89.1,216.7,1024,1273,1546,16.38,20.36,24.73,411,660,933
4d7548fb-1fdb-4d4f-9ba6-1620af9f1d2f,IMTP,04/25/2026,12:26 AM,66.95,1,,2388,35.67,3.684,156.5,89.1,237.3,1166,1502,1730,17.42,22.43,25.84,509,845,1073
41d77c54-30d6-487d-9328-741ed16ca4a0,IMTP,04/25/2026,12:24 AM,59.62,1,,2175,36.48,3.105,136.5,88.4,188.6,930,997,1085,15.60,16.72,18.20,345,412,500
a29eddec-b5b1-400f-8bfc-94182622870c,IMTP,04/25/2026,12:23 AM,56.05,1,,2336,41.67,3.494,101.6,64.4,144.7,697,800,937,12.43,14.27,16.71,147,250,387
8ebb21d1-84ab-4846-a228-fdcf1f9a34b9,IMTP,04/25/2026,12:22 AM,59.63,1,,2178,36.53,2.081,136.7,80.9,206.9,948,1260,1553,15.90,21.13,26.04,363,675,968
a0df75c5-ae50-43af-9b2a-41855646740c,IMTP,04/25/2026,12:22 AM,59.16,1,,2146,36.27,2.935,139.5,84.9,200.0,1026,1151,1290,17.34,19.45,21.80,445,570,709
fb19e221-2d5c-489c-8784-96a2a0323b94,IMTP,02/21/2026,8:31 AM,69.34,1,,2185,31.52,2.897,136.1,83.2,198.1,946,1154,1342,13.65,16.65,19.36,266,474,662
fb19e221-2d5c-489c-8784-96a2a0323b94,IMTP,02/21/2026,8:27 AM,69.41,1,,2109,30.39,1.725,148.5,86.7,217.2,1152,1299,1461,16.60,18.72,21.06,472,619,781
fb19e221-2d5c-489c-8784-96a2a0323b94,IMTP,02/21/2026,8:22 AM,69.51,1,,2129,30.63,2.072,160.7,93.2,233.5,1274,1407,1492,18.33,20.25,21.47,593,726,811
fb19e221-2d5c-489c-8784-96a2a0323b94,IMTP,02/21/2026,8:15 AM,70,1,,2063,29.48,3.122,139.9,83.4,206.2,981,1249,1410,14.02,17.85,20.15,295,563,724
fb19e221-2d5c-489c-8784-96a2a0323b94,IMTP,02/21/2026,8:01 AM,69.77,2,,2126,30.47,2.868,140.4,85.5,204.8,1009,1183,1383,14.46,16.96,19.83,325,499,699
fb19e221-2d5c-489c-8784-96a2a0323b94,IMTP,02/17/2026,9:23 AM,70.22,2,,2277,32.42,2.860,155.9,91.9,229.5,1163,1370,1594,16.56,19.51,22.69,474,681,905
b680bdf4-68b7-4866-a877-fbc866ff6600,IMTP,02/14/2026,1:36 AM,76.7,1,,2784,36.29,3.885,191.2,112.7,292.6,1407,1818,2177,18.34,23.70,28.38,655,1066,1425
b680bdf4-68b7-4866-a877-fbc866ff6600,IMTP,02/14/2026,1:33 AM,76.43,1,,2906,38.02,3.274,190.1,116.3,290.4,1385,1716,2251,18.12,22.45,29.45,635,966,1501
fd50323c-e3cd-4256-9832-ce6a132b76a1,IMTP,02/14/2026,1:27 AM,79.45,1,,3860,48.58,3.687,165.0,101.4,240.1,1144,1380,1642,14.40,17.37,20.66,365,601,863
3a64a8ed-9513-4652-982a-3a3573852f3d,IMTP,02/14/2026,1:26 AM,71.95,1,,2422,33.66,3.431,145.2,91.0,218.9,1002,1247,1662,13.93,17.33,23.10,297,542,957
df79741a-0c54-486b-8a9c-644933bb2932,IMTP,02/14/2026,1:26 AM,77.84,1,,2703,34.73,3.464,191.3,120.4,273.6,1331,1511,1781,17.10,19.41,22.88,568,748,1018
dbb4aa40-74a4-42c0-bc11-3a8a85dc7d1a,IMTP,02/14/2026,1:26 AM,76.08,1,,3739,49.15,3.998,168.5,106.9,240.9,1143,1321,1583,15.03,17.37,20.81,397,575,837
d7d79228-ef64-4269-89a3-57df6efb786c,IMTP,02/14/2026,1:24 AM,66.67,1,,3157,47.35,1.548,160.0,94.5,247.1,1127,1544,1892,16.91,23.16,28.38,473,890,1238
fd50323c-e3cd-4256-9832-ce6a132b76a1,IMTP,02/14/2026,1:24 AM,79.49,1,,3966,49.90,4.119,178.5,105.7,279.2,1281,1715,2291,16.12,21.58,28.83,502,936,1512
888bc2d4-4923-415f-bbd5-3568e2bc0f51,IMTP,02/14/2026,1:23 AM,96.94,1,,3369,34.75,2.892,206.8,126.0,288.5,1726,1518,1831,17.80,15.65,18.88,775,567,880
1ca9de9b-dac2-4f0f-bdd5-8c5714a68cc0,IMTP,02/14/2026,1:23 AM,84.53,1,,2614,30.93,1.035,222.8,136.6,320.8,1591,1838,2073,18.82,21.75,24.53,762,1009,1244
81ddf3f9-a4cd-4885-97de-f8a7f387c208,IMTP,02/14/2026,1:22 AM,60.96,1,,2800,45.93,1.983,114.9,74.2,161.7,775,868,1020,12.72,14.24,16.73,177,270,422
66ccd6ec-cb42-481d-90cf-2ca609a9eef8,IMTP,02/14/2026,1:22 AM,69.78,1,,2246,32.18,4.113,210.7,121.2,312.2,1589,1958,2073,22.76,28.05,29.70,904,1273,1388
01495ae2-46d3-4146-83ef-324c89184396,IMTP,02/14/2026,1:22 AM,76.99,1,,2962,38.47,3.776,187.9,116.6,271.5,1343,1506,1904,17.45,19.56,24.73,588,751,1149
60cf5fd7-297f-45eb-982f-6780b2558107,IMTP,02/14/2026,1:22 AM,78.37,1,,3169,40.44,1.649,254.1,148.1,377.4,1920,2316,2562,24.51,29.56,32.70,1152,1548,1794
8720d9d1-c213-400a-bd49-d989bc14b14d,IMTP,02/14/2026,1:21 AM,67.61,1,,2903,42.94,4.028,179.3,109.5,260.4,1282,1500,1724,18.96,22.19,25.50,619,837,1061
244d461e-64e6-4e31-9161-07efb9485361,IMTP,02/14/2026,1:21 AM,81.06,1,,3586,44.23,4.836,315.0,190.3,440.3,2470,2487,2627,30.47,30.67,32.40,1675,1692,1832
3a64a8ed-9513-4652-982a-3a3573852f3d,IMTP,02/14/2026,1:21 AM,69.88,1,,2482,35.52,2.930,153.3,94.2,221.2,1090,1285,1416,15.60,18.39,20.27,405,600,731
df79741a-0c54-486b-8a9c-644933bb2932,IMTP,02/14/2026,1:20 AM,77.78,1,,2996,38.52,4.206,152.3,92.9,223.2,1084,1281,1592,13.94,16.47,20.47,321,518,829
dbb4aa40-74a4-42c0-bc11-3a8a85dc7d1a,IMTP,02/14/2026,1:20 AM,76.08,1,,3587,47.15,4.382,215.8,130.5,310.3,1565,1814,1953,20.58,23.85,25.68,819,1068,1207
1ca9de9b-dac2-4f0f-bdd5-8c5714a68cc0,IMTP,02/14/2026,1:19 AM,84.58,1,,2585,30.56,1.731,144.9,84.4,216.5,1004,1361,1507,11.87,16.09,17.82,175,532,678
888bc2d4-4923-415f-bbd5-3568e2bc0f51,IMTP,02/14/2026,1:19 AM,91.6,1,,3250,35.47,5.018,194.2,114.6,280.4,1448,1656,1839,15.80,18.07,20.07,549,757,940
d7d79228-ef64-4269-89a3-57df6efb786c,IMTP,02/14/2026,1:19 AM,66.72,1,,2976,44.61,3.602,147.2,93.7,217.1,984,1191,1636,14.75,17.85,24.52,330,537,982
01495ae2-46d3-4146-83ef-324c89184396,IMTP,02/14/2026,1:18 AM,77,1,,2950,38.31,3.635,177.7,110.9,259.7,1259,1431,1844,16.35,18.59,23.95,504,676,1089
fd50323c-e3cd-4256-9832-ce6a132b76a1,IMTP,02/14/2026,1:18 AM,79.7,1,,3539,44.41,4.089,203.4,120.5,307.8,1467,1874,2268,18.41,23.52,28.46,686,1093,1487
66ccd6ec-cb42-481d-90cf-2ca609a9eef8,IMTP,02/14/2026,1:18 AM,67.66,1,,2318,34.25,2.663,172.1,98.6,266.6,1260,1721,2011,18.62,25.43,29.71,596,1057,1347
8720d9d1-c213-400a-bd49-d989bc14b14d,IMTP,02/14/2026,1:17 AM,67.55,1,,2820,41.75,2.186,130.6,83.9,182.8,890,986,1101,13.18,14.60,16.30,228,324,439
60cf5fd7-297f-45eb-982f-6780b2558107,IMTP,02/14/2026,1:16 AM,78.41,1,,3054,38.96,1.289,240.5,142.9,354.3,1767,2123,2409,22.54,27.08,30.73,999,1355,1641
81ddf3f9-a4cd-4885-97de-f8a7f387c208,IMTP,02/14/2026,1:16 AM,60.94,1,,2625,43.07,2.342,107.8,69.2,150.8,731,823,893,12.00,13.50,14.65,133,225,295
244d461e-64e6-4e31-9161-07efb9485361,IMTP,02/14/2026,1:16 AM,81.24,1,,3803,46.81,3.554,299.2,180.2,412.9,2394,2293,2393,29.46,28.22,29.45,1597,1496,1596
df79741a-0c54-486b-8a9c-644933bb2932,IMTP,02/14/2026,1:15 AM,77.7,1,,2793,35.95,2.190,192.6,116.2,282.8,1369,1676,1890,17.62,21.57,24.32,607,914,1128
a1ee8574-ee79-499a-a77b-bf04c62457da,IMTP,02/12/2026,1:49 AM,72.94,1,,2375,32.56,4.399,183.1,114.3,265.1,1266,1509,1765,17.36,20.69,24.20,551,794,1050
01495ae2-46d3-4146-83ef-324c89184396,IMTP,02/12/2026,1:47 AM,76.61,1,,3094,40.39,3.538,155.6,99.0,221.6,1073,1221,1427,14.01,15.94,18.63,322,470,676
df79741a-0c54-486b-8a9c-644933bb2932,IMTP,02/12/2026,1:44 AM,77.69,1,,3269,42.08,4.468,216.5,138.1,309.5,1456,1698,1996,18.74,21.85,25.69,694,936,1234
fd50323c-e3cd-4256-9832-ce6a132b76a1,IMTP,02/12/2026,1:44 AM,79.44,1,,3337,42.00,3.434,205.9,119.8,306.1,1541,1893,2097,19.39,23.83,26.39,762,1114,1318
01495ae2-46d3-4146-83ef-324c89184396,IMTP,02/12/2026,1:44 AM,76.61,1,,2931,38.26,4.118,153.5,92.8,223.5,1132,1268,1528,14.78,16.55,19.95,381,517,777
888bc2d4-4923-415f-bbd5-3568e2bc0f51,IMTP,02/12/2026,1:43 AM,91.67,1,,3526,38.46,1.773,198.2,117.1,282.8,1564,1638,1837,17.06,17.86,20.04,665,739,938
a1ee8574-ee79-499a-a77b-bf04c62457da,IMTP,02/12/2026,1:43 AM,72.95,1,,2436,33.39,4.155,280.9,191.0,371.8,1781,1798,1840,24.41,24.65,25.22,1065,1082,1124
dbb4aa40-74a4-42c0-bc11-3a8a85dc7d1a,IMTP,02/12/2026,1:41 AM,76.65,1,,3083,40.22,4.831,192.8,115.0,282.4,1405,1670,1931,18.33,21.78,25.19,653,918,1179
1ca9de9b-dac2-4f0f-bdd5-8c5714a68cc0,IMTP,02/12/2026,1:41 AM,83.8,1,,3143,37.50,4.350,278.3,177.5,391.1,1886,2136,2379,22.50,25.49,28.39,1064,1314,1557
ef4380e2-66f3-457f-9c1f-39a5f2cb8122,IMTP,02/12/2026,1:40 AM,80.55,1,,3169,39.34,1.822,206.3,117.5,312.3,1590,1948,2294,19.74,24.18,28.48,800,1158,1504
8720d9d1-c213-400a-bd49-d989bc14b14d,IMTP,02/12/2026,1:39 AM,66.75,1,,3195,47.86,5.320,140.7,84.8,209.9,1001,1240,1527,14.99,18.57,22.87,346,585,872
60cf5fd7-297f-45eb-982f-6780b2558107,IMTP,02/12/2026,1:39 AM,78.84,1,,2999,38.03,2.515,241.5,138.9,352.1,1824,2175,2297,23.13,27.58,29.13,1051,1402,1524
244d461e-64e6-4e31-9161-07efb9485361,IMTP,02/12/2026,1:39 AM,80.22,1,,4133,51.52,2.491,278.9,158.1,403.8,2207,2500,2515,27.51,31.16,31.35,1420,1713,1728
b680bdf4-68b7-4866-a877-fbc866ff6600,IMTP,02/12/2026,1:38 AM,76.59,1,,2788,36.40,3.025,191.7,108.1,292.2,1474,1859,2120,19.24,24.27,27.68,723,1108,1369
df79741a-0c54-486b-8a9c-644933bb2932,IMTP,02/12/2026,1:37 AM,77.75,1,,2648,34.06,5.078,199.4,128.5,273.9,1377,1470,1487,17.71,18.90,19.12,614,707,724
3a64a8ed-9513-4652-982a-3a3573852f3d,IMTP,02/12/2026,1:37 AM,9.47,1,,1455,153.70,2.683,85.2,43.5,134.1,702,955,1010,74.14,100.90,106.70,,,
3b64d0cc-84bd-4d01-8932-816eb6e5408b,IMTP,02/12/2026,1:36 AM,66.72,1,,2854,42.77,5.194,142.2,90.8,203.4,968,1108,1350,14.50,16.60,20.23,313,453,695
0530676d-7e30-4462-8040-5f6609e81874,IMTP,02/12/2026,1:36 AM,73.47,1,,3035,41.31,3.887,228.8,140.0,333.0,1579,1973,2145,21.49,26.85,29.19,858,1252,1424
fd50323c-e3cd-4256-9832-ce6a132b76a1,IMTP,02/12/2026,1:36 AM,79.47,1,,3603,45.33,4.065,157.0,100.8,219.9,1083,1158,1399,13.62,14.57,17.60,303,378,619
81ddf3f9-a4cd-4885-97de-f8a7f387c208,IMTP,02/12/2026,1:35 AM,77.09,1,,2023,26.24,1.544,29.4,13.5,54.2,242,401,599,3.14,5.20,7.77,-514,-355,-157
888bc2d4-4923-415f-bbd5-3568e2bc0f51,IMTP,02/12/2026,1:34 AM,91.77,1,,3136,34.17,4.449,178.9,110.1,254.2,1256,1465,1554,13.68,15.96,16.93,356,565,654
b51cd86a-9d38-40a3-8fb6-1e3893857e88,IMTP,02/12/2026,1:34 AM,76.2,1,,2990,39.24,4.865,150.3,92.4,216.9,1040,1256,1429,13.65,16.48,18.75,293,509,682
a1ee8574-ee79-499a-a77b-bf04c62457da,IMTP,02/12/2026,1:33 AM,72.84,1,,1947,26.73,1.428,147.7,95.6,206.1,1000,1098,1239,13.73,15.07,17.01,286,384,525
dbb4aa40-74a4-42c0-bc11-3a8a85dc7d1a,IMTP,02/12/2026,1:33 AM,76.74,1,,3159,41.16,4.633,159.0,104.7,218.2,1075,1105,1303,14.00,14.39,16.98,322,352,550
c4af5dff-a038-40c0-8eab-be2e9a653245,IMTP,02/12/2026,1:32 AM,77.09,1,,1926,24.98,2.428,45.9,27.9,67.8,326,390,495,4.23,5.06,6.42,-430,-366,-261
73c3f58b-b017-4f98-acc6-30cc0b36b4b9,IMTP,02/12/2026,1:31 AM,73.53,1,,2148,29.21,4.859,162.6,103.6,228.3,1123,1244,1385,15.27,16.92,18.83,402,523,664
ef4380e2-66f3-457f-9c1f-39a5f2cb8122,IMTP,02/12/2026,1:31 AM,80.62,1,,3175,39.38,3.563,165.1,97.5,252.8,1166,1567,1927,14.46,19.43,23.90,375,776,1136
d7d79228-ef64-4269-89a3-57df6efb786c,IMTP,02/12/2026,1:30 AM,66.29,1,,2764,41.70,2.324,176.7,111.5,253.7,1219,1402,1685,18.39,21.15,25.42,569,752,1035
244d461e-64e6-4e31-9161-07efb9485361,IMTP,02/12/2026,1:30 AM,80.3,1,,3948,49.16,4.438,282.7,170.8,404.7,2075,2373,2482,25.84,29.55,30.91,1287,1585,1694
60cf5fd7-297f-45eb-982f-6780b2558107,IMTP,02/12/2026,1:29 AM,78.9,1,,2915,36.94,1.968,237.7,140.4,349.1,1837,2076,2360,23.28,26.31,29.91,1063,1302,1586
1ca9de9b-dac2-4f0f-bdd5-8c5714a68cc0,IMTP,02/12/2026,1:29 AM,83.81,1,,2007,23.95,4.262,156.7,100.0,217.7,1042,1198,1253,12.43,14.29,14.95,220,376,431
3b64d0cc-84bd-4d01-8932-816eb6e5408b,IMTP,02/12/2026,1:28 AM,67.04,1,,2633,39.27,2.846,137.7,89.0,192.8,933,1018,1196,13.91,15.18,17.84,275,360,538
3a64a8ed-9513-4652-982a-3a3573852f3d,IMTP,02/12/2026,1:28 AM,70.83,1,,2181,30.78,3.080,177.7,106.2,258.3,1355,1516,1698,19.12,21.40,23.97,660,821,1003
b680bdf4-68b7-4866-a877-fbc866ff6600,IMTP,02/12/2026,1:27 AM,76.88,2,,1826,23.75,2.407,156.5,95.4,225.6,1130,1304,1443,14.69,16.96,18.77,376,550,689
8720d9d1-c213-400a-bd49-d989bc14b14d,IMTP,02/12/2026,1:27 AM,66.89,1,,2613,39.06,4.922,133.1,84.7,188.8,908,1037,1207,13.57,15.50,18.04,252,381,551
81ddf3f9-a4cd-4885-97de-f8a7f387c208,IMTP,02/12/2026,1:26 AM,60.06,1,,2449,40.77,2.918,108.4,68.7,153.0,750,837,955,12.48,13.93,15.89,161,248,366
b51cd86a-9d38-40a3-8fb6-1e3893857e88,IMTP,02/12/2026,1:26 AM,76.31,1,,2689,35.23,2.410,166.5,101.9,236.9,1211,1353,1482,15.87,17.73,19.42,462,604,733
df79741a-0c54-486b-8a9c-644933bb2932,IMTP,02/12/2026,1:25 AM,77.94,1,,2826,36.26,3.632,174.0,111.4,240.4,1221,1280,1376,15.66,16.42,17.65,457,516,612
c4af5dff-a038-40c0-8eab-be2e9a653245,IMTP,02/12/2026,1:25 AM,63.32,1,,2418,38.18,1.521,148.6,93.8,208.6,1034,1149,1267,16.32,18.14,20.00,413,528,646
d7d79228-ef64-4269-89a3-57df6efb786c,IMTP,02/12/2026,1:23 AM,66.2,1,,2743,41.43,1.520,154.6,98.6,227.3,1027,1256,1746,15.51,18.97,26.37,377,606,1096
81ddf3f9-a4cd-4885-97de-f8a7f387c208,IMTP,02/12/2026,1:21 AM,72.73,1,,2683,36.89,5.563,138.9,90.3,190.2,945,1005,1044,12.99,13.81,14.35,231,291,330
