subject_uuid,Date,Time,Name,SessionCode,DeviceCount,Trial,Split1,Split2,Split3,Split4,Split5,Split6,Split7,Split8,Split9,Split10,Split11,Cumulative1,Cumulative2,Cumulative3,Cumulative4,Cumulative5,Cumulative6,Cumulative7,Cumulative8,Cumulative9,Cumulative10,Cumulative11,Total,Distance1,Distance2,Distance3,Distance4,Distance5,Distance6,Distance7,Distance8,Distance9,Distance10,Distance11,Velocity1,Velocity2,Velocity3,Velocity4,Velocity5,Velocity6,Velocity7,Velocity8,Velocity9,Velocity10,Velocity11,Tag
a4203d99-23a3-4d17-83a5-edfbf9a266c0,30/01/2026,03:53 AM,30yd Sprint,24e0f3be-6905-4054-843d-39732b216066,4,4,2.095,1.458,1.377,,,,,,,,,2.095,3.553,4.93,,,,,,,,,4.93,10,10,10,,,,,,,,,4.77,6.86,7.26,,,,,,,,,Valid
a4203d99-23a3-4d17-83a5-edfbf9a266c0,30/01/2026,03:50 AM,30yd Sprint,24e0f3be-6905-4054-843d-39732b216066,4,3,2.069,1.429,1.41,,,,,,,,,2.069,3.498,4.908,,,,,,,,,4.908,10,10,10,,,,,,,,,4.83,7,7.09,,,,,,,,,Valid
a4203d99-23a3-4d17-83a5-edfbf9a266c0,30/01/2026,03:48 AM,30yd Sprint,24e0f3be-6905-4054-843d-39732b216066,4,2,2.054,1.44,1.399,,,,,,,,,2.054,3.494,4.893,,,,,,,,,4.893,10,10,10,,,,,,,,,4.87,6.94,7.15,,,,,,,,,Valid
a4203d99-23a3-4d17-83a5-edfbf9a266c0,30/01/2026,03:46 AM,30yd Sprint,24e0f3be-6905-4054-843d-39732b216066,4,1,2.098,1.483,1.382,,,,,,,,,2.098,3.581,4.963,,,,,,,,,4.963,10,10,10,,,,,,,,,4.77,6.74,7.24,,,,,,,,,Valid
a29eddec-b5b1-400f-8bfc-94182622870c,27/01/2026,10:02 AM,30yd Sprint,b5b2a3f8-21fc-4bbe-ac84-deb802eef0ce,7,4,1.073,0.79,0.745,0.668,0.675,0.672,,,,,,1.073,1.863,2.608,3.276,3.951,4.623,,,,,,4.623,5,5,5,5,5,5,,,,,,4.66,6.33,6.71,7.49,7.41,7.44,,,,,,Valid
c4af5dff-a038-40c0-8eab-be2e9a653245,27/01/2026,02:10 AM,30yd Sprint,8024f710-12fb-46a5-b689-7693a509fed9,7,4,1.241,0.718,0.639,0.662,0.599,0.572,,,,,,1.241,1.959,2.598,3.26,3.859,4.431,,,,,,4.431,5,5,5,5,5,5,,,,,,4.03,6.96,7.82,7.55,8.35,8.74,,,,,,Valid
ab4b4d22-e858-4de3-9113-2e5b9c177500,27/01/2026,09:46 AM,30yd Sprint,b5b2a3f8-21fc-4bbe-ac84-deb802eef0ce,7,4,1.145,0.834,0.691,0.599,0.645,0.618,,,,,,1.145,1.979,2.67,3.269,3.914,4.532,,,,,,4.532,5,5,5,5,5,5,,,,,,4.37,6,7.24,8.35,7.75,8.09,,,,,,Valid
cbe72f8c-5ae1-465a-a3f5-45039d13e470,27/01/2026,09:58 AM,30yd Sprint,b5b2a3f8-21fc-4bbe-ac84-deb802eef0ce,7,3,1.154,0.822,0.748,0.691,0.667,0.687,,,,,,1.154,1.976,2.724,3.415,4.082,4.769,,,,,,4.769,5,5,5,5,5,5,,,,,,4.33,6.08,6.68,7.24,7.5,7.28,,,,,,Valid
73c3f58b-b017-4f98-acc6-30cc0b36b4b9,27/01/2026,02:07 AM,30yd Sprint,8024f710-12fb-46a5-b689-7693a509fed9,7,3,1.138,0.766,0.643,0.623,0.594,0.564,,,,,,1.138,1.904,2.547,3.17,3.764,4.328,,,,,,4.328,5,5,5,5,5,5,,,,,,4.39,6.53,7.78,8.03,8.42,8.87,,,,,,Valid
854f037e-3158-45cf-b5ea-9c709641e417,27/01/2026,09:44 AM,30yd Sprint,b5b2a3f8-21fc-4bbe-ac84-deb802eef0ce,7,3,1.097,0.94,0.745,0.709,0.655,0.708,,,,,,1.097,2.037,2.782,3.491,4.146,4.854,,,,,,4.854,5,5,5,5,5,5,,,,,,4.56,5.32,6.71,7.05,7.63,7.06,,,,,,Valid
a16341de-4e4c-47a3-bf9c-73beadb84889,27/01/2026,02:07 AM,30yd Sprint,8024f710-12fb-46a5-b689-7693a509fed9,7,3,1.062,0.773,0.668,0.621,0.613,0.601,,,,,,1.062,1.835,2.503,3.124,3.737,4.338,,,,,,4.338,5,5,5,5,5,5,,,,,,4.71,6.47,7.49,8.05,8.16,8.32,,,,,,Valid
ab4b4d22-e858-4de3-9113-2e5b9c177500,27/01/2026,09:43 AM,30yd Sprint,b5b2a3f8-21fc-4bbe-ac84-deb802eef0ce,7,3,1.236,0.786,0.69,0.635,0.605,0.616,,,,,,1.236,2.022,2.712,3.347,3.952,4.568,,,,,,4.568,5,5,5,5,5,5,,,,,,4.05,6.36,7.25,7.87,8.26,8.12,,,,,,Valid
a3eff9b3-1369-4738-afb3-530948180241,27/01/2026,02:22 AM,30yd Sprint,a6f08aab-2fac-4a10-a2cb-80072273e85f,7,3,1.163,0.732,0.644,0.606,0.561,0.599,,,,,,1.163,1.895,2.539,3.145,3.706,4.305,,,,,,4.305,5,5,5,5,5,5,,,,,,4.3,6.83,7.76,8.25,8.91,8.35,,,,,,Valid
b680bdf4-68b7-4866-a877-fbc866ff6600,27/01/2026,01:54 AM,30yd Sprint,8024f710-12fb-46a5-b689-7693a509fed9,7,3,1.055,0.794,0.627,0.607,0.599,0.587,,,,,,1.055,1.849,2.476,3.083,3.682,4.269,,,,,,4.269,5,5,5,5,5,5,,,,,,4.74,6.3,7.97,8.24,8.35,8.52,,,,,,Valid
0530676d-7e30-4462-8040-5f6609e81874,27/01/2026,02:19 AM,30yd Sprint,a6f08aab-2fac-4a10-a2cb-80072273e85f,7,3,1.12,0.724,0.621,0.629,0.56,0.616,,,,,,1.12,1.844,2.465,3.094,3.654,4.27,,,,,,4.27,5,5,5,5,5,5,,,,,,4.46,6.91,8.05,7.95,8.93,8.12,,,,,,Valid
8720d9d1-c213-400a-bd49-d989bc14b14d,27/01/2026,01:53 AM,30yd Sprint,8024f710-12fb-46a5-b689-7693a509fed9,7,3,1.084,0.703,0.648,0.593,0.562,0.557,,,,,,1.084,1.787,2.435,3.028,3.59,4.147,,,,,,4.147,5,5,5,5,5,5,,,,,,4.61,7.11,7.72,8.43,8.9,8.98,,,,,,Valid
29c053b7-322e-4e20-8773-83b2e6fae05f,27/01/2026,09:59 AM,30yd Sprint,b5b2a3f8-21fc-4bbe-ac84-deb802eef0ce,7,3,1.052,0.852,0.744,0.675,0.658,0.678,,,,,,1.052,1.904,2.648,3.323,3.981,4.659,,,,,,4.659,5,5,5,5,5,5,,,,,,4.75,5.87,6.72,7.41,7.6,7.37,,,,,,Valid
fd50323c-e3cd-4256-9832-ce6a132b76a1,27/01/2026,02:06 AM,30yd Sprint,8024f710-12fb-46a5-b689-7693a509fed9,7,3,1.175,0.771,0.648,0.612,0.608,0.593,,,,,,1.175,1.946,2.594,3.206,3.814,4.407,,,,,,4.407,5,5,5,5,5,5,,,,,,4.26,6.49,7.72,8.17,8.22,8.43,,,,,,Valid
41d77c54-30d6-487d-9328-741ed16ca4a0,27/01/2026,09:57 AM,30yd Sprint,b5b2a3f8-21fc-4bbe-ac84-deb802eef0ce,7,3,1.223,0.835,0.756,0.659,0.676,0.652,,,,,,1.223,2.058,2.814,3.473,4.149,4.801,,,,,,4.801,5,5,5,5,5,5,,,,,,4.09,5.99,6.61,7.59,7.4,7.67,,,,,,Valid
ce96297b-aef4-4201-ab7d-1371d7297d30,27/01/2026,02:19 AM,30yd Sprint,a6f08aab-2fac-4a10-a2cb-80072273e85f,7,3,0.984,0.693,0.649,0.578,0.586,0.556,,,,,,0.984,1.677,2.326,2.904,3.49,4.046,,,,,,4.046,5,5,5,5,5,5,,,,,,5.08,7.22,7.7,8.65,8.53,8.99,,,,,,Valid
66ccd6ec-cb42-481d-90cf-2ca609a9eef8,27/01/2026,02:18 AM,30yd Sprint,a6f08aab-2fac-4a10-a2cb-80072273e85f,7,3,1.197,0.753,0.637,0.622,0.583,0.605,,,,,,1.197,1.95,2.587,3.209,3.792,4.397,,,,,,4.397,5,5,5,5,5,5,,,,,,4.18,6.64,7.85,8.04,8.58,8.26,,,,,,Valid
87e2d9bf-dadc-4202-b483-2e3fee35834a,27/01/2026,09:58 AM,30yd Sprint,b5b2a3f8-21fc-4bbe-ac84-deb802eef0ce,7,3,1.204,0.847,0.707,0.738,0.668,0.694,,,,,,1.204,2.051,2.758,3.496,4.164,4.858,,,,,,4.858,5,5,5,5,5,5,,,,,,4.15,5.9,7.07,6.78,7.49,7.2,,,,,,Valid
a29eddec-b5b1-400f-8bfc-94182622870c,27/01/2026,10:00 AM,30yd Sprint,b5b2a3f8-21fc-4bbe-ac84-deb802eef0ce,7,3,1.919,0.814,0.766,0.667,0.682,0.661,,,,,,1.919,2.733,3.499,4.166,4.848,5.509,,,,,,5.509,5,5,5,5,5,5,,,,,,2.61,6.14,6.53,7.5,7.33,7.56,,,,,,Valid
b51cd86a-9d38-40a3-8fb6-1e3893857e88,27/01/2026,02:06 AM,30yd Sprint,8024f710-12fb-46a5-b689-7693a509fed9,7,3,1.307,0.742,0.678,0.617,0.641,0.623,,,,,,1.307,2.049,2.727,3.344,3.985,4.608,,,,,,4.608,5,5,5,5,5,5,,,,,,3.83,6.74,7.37,8.1,7.8,8.03,,,,,,Valid
22254221-cc7b-4ece-831b-7753a96090d1,27/01/2026,09:44 AM,30yd Sprint,b5b2a3f8-21fc-4bbe-ac84-deb802eef0ce,7,3,1.069,0.855,0.736,0.696,0.67,0.684,,,,,,1.069,1.924,2.66,3.356,4.026,4.71,,,,,,4.71,5,5,5,5,5,5,,,,,,4.68,5.85,6.79,7.18,7.46,7.31,,,,,,Valid
dbb4aa40-74a4-42c0-bc11-3a8a85dc7d1a,27/01/2026,01:55 AM,30yd Sprint,8024f710-12fb-46a5-b689-7693a509fed9,7,3,1.06,0.78,0.702,0.615,0.65,0.619,,,,,,1.06,1.84,2.542,3.157,3.807,4.426,,,,,,4.426,5,5,5,5,5,5,,,,,,4.72,6.41,7.12,8.13,7.69,8.08,,,,,,Valid
c4af5dff-a038-40c0-8eab-be2e9a653245,27/01/2026,02:07 AM,30yd Sprint,8024f710-12fb-46a5-b689-7693a509fed9,7,3,3.44,0.701,0.661,0.646,0.606,0.608,,,,,,3.44,4.141,4.802,5.448,6.054,6.662,,,,,,6.662,5,5,5,5,5,5,,,,,,1.45,7.13,7.56,7.74,8.25,8.22,,,,,,Valid
3b64d0cc-84bd-4d01-8932-816eb6e5408b,27/01/2026,02:05 AM,30yd Sprint,8024f710-12fb-46a5-b689-7693a509fed9,7,3,0.991,0.756,0.625,0.587,0.557,0.561,,,,,,0.991,1.747,2.372,2.959,3.516,4.077,,,,,,4.077,5,5,5,5,5,5,,,,,,5.05,6.61,8,8.52,8.98,8.91,,,,,,Valid
4d7548fb-1fdb-4d4f-9ba6-1620af9f1d2f,27/01/2026,09:45 AM,30yd Sprint,b5b2a3f8-21fc-4bbe-ac84-deb802eef0ce,7,3,1.191,0.806,0.756,0.689,0.661,0.699,,,,,,1.191,1.997,2.753,3.442,4.103,4.802,,,,,,4.802,5,5,5,5,5,5,,,,,,4.2,6.2,6.61,7.26,7.56,7.15,,,,,,Valid
01495ae2-46d3-4146-83ef-324c89184396,27/01/2026,01:54 AM,30yd Sprint,8024f710-12fb-46a5-b689-7693a509fed9,7,3,0.937,0.77,0.567,0.626,0.532,0.575,,,,,,0.937,1.707,2.274,2.9,3.432,4.007,,,,,,4.007,5,5,5,5,5,5,,,,,,5.34,6.49,8.82,7.99,9.4,8.7,,,,,,Valid
244d461e-64e6-4e31-9161-07efb9485361,27/01/2026,01:54 AM,30yd Sprint,8024f710-12fb-46a5-b689-7693a509fed9,7,3,1.075,0.737,0.635,0.614,0.577,0.574,,,,,,1.075,1.812,2.447,3.061,3.638,4.212,,,,,,4.212,5,5,5,5,5,5,,,,,,4.65,6.78,7.87,8.14,8.67,8.71,,,,,,Valid
06c71e5c-cd0f-430a-bb03-3baa86430007,27/01/2026,09:58 AM,30yd Sprint,b5b2a3f8-21fc-4bbe-ac84-deb802eef0ce,7,3,1.308,0.789,0.758,0.68,0.665,0.677,,,,,,1.308,2.097,2.855,3.535,4.2,4.877,,,,,,4.877,5,5,5,5,5,5,,,,,,3.82,6.34,6.6,7.35,7.52,7.39,,,,,,Valid
9a1b030b-629b-4dd0-b77e-6543ac15dc67,27/01/2026,09:46 AM,30yd Sprint,b5b2a3f8-21fc-4bbe-ac84-deb802eef0ce,7,3,1.116,0.841,0.763,0.679,0.593,0.688,,,,,,1.116,1.957,2.72,3.399,3.992,4.68,,,,,,4.68,5,5,5,5,5,5,,,,,,4.48,5.95,6.55,7.36,8.43,7.27,,,,,,Valid
8ebb21d1-84ab-4846-a228-fdcf1f9a34b9,27/01/2026,09:59 AM,30yd Sprint,b5b2a3f8-21fc-4bbe-ac84-deb802eef0ce,7,3,1.105,0.851,0.709,0.683,0.635,0.66,,,,,,1.105,1.956,2.665,3.348,3.983,4.643,,,,,,4.643,5,5,5,5,5,5,,,,,,4.52,5.88,7.05,7.32,7.87,7.58,,,,,,Valid
a0df75c5-ae50-43af-9b2a-41855646740c,27/01/2026,09:45 AM,30yd Sprint,b5b2a3f8-21fc-4bbe-ac84-deb802eef0ce,7,3,1.047,0.826,0.719,0.703,0.653,0.706,,,,,,1.047,1.873,2.592,3.295,3.948,4.654,,,,,,4.654,5,5,5,5,5,5,,,,,,4.78,6.05,6.95,7.11,7.66,7.08,,,,,,Valid
df79741a-0c54-486b-8a9c-644933bb2932,27/01/2026,02:08 AM,30yd Sprint,8024f710-12fb-46a5-b689-7693a509fed9,7,3,1.05,0.693,0.655,0.592,0.604,0.591,,,,,,1.05,1.743,2.398,2.99,3.594,4.185,,,,,,4.185,5,5,5,5,5,5,,,,,,4.76,7.22,7.63,8.45,8.28,8.46,,,,,,Valid
a0df75c5-ae50-43af-9b2a-41855646740c,27/01/2026,09:42 AM,30yd Sprint,b5b2a3f8-21fc-4bbe-ac84-deb802eef0ce,7,2,1.074,0.824,0.713,0.726,0.641,0.713,,,,,,1.074,1.898,2.611,3.337,3.978,4.691,,,,,,4.691,5,5,5,5,5,5,,,,,,4.66,6.07,7.01,6.89,7.8,7.01,,,,,,Valid
06c71e5c-cd0f-430a-bb03-3baa86430007,27/01/2026,09:55 AM,30yd Sprint,b5b2a3f8-21fc-4bbe-ac84-deb802eef0ce,7,2,1.324,0.825,0.717,0.672,0.648,0.667,,,,,,1.324,2.149,2.866,3.538,4.186,4.853,,,,,,4.853,5,5,5,5,5,5,,,,,,3.78,6.06,6.97,7.44,7.72,7.5,,,,,,Valid
b51cd86a-9d38-40a3-8fb6-1e3893857e88,27/01/2026,02:02 AM,30yd Sprint,8024f710-12fb-46a5-b689-7693a509fed9,7,2,1.254,0.732,0.658,0.667,0.609,0.605,,,,,,1.254,1.986,2.644,3.311,3.92,4.525,,,,,,4.525,5,5,5,5,5,5,,,,,,3.99,6.83,7.6,7.5,8.21,8.26,,,,,,Valid
dbb4aa40-74a4-42c0-bc11-3a8a85dc7d1a,27/01/2026,01:53 AM,30yd Sprint,8024f710-12fb-46a5-b689-7693a509fed9,7,2,1.063,0.765,0.712,0.647,0.59,0.622,,,,,,1.063,1.828,2.54,3.187,3.777,4.399,,,,,,4.399,5,5,5,5,5,5,,,,,,4.7,6.54,7.02,7.73,8.47,8.04,,,,,,Valid
b680bdf4-68b7-4866-a877-fbc866ff6600,27/01/2026,01:52 AM,30yd Sprint,8024f710-12fb-46a5-b689-7693a509fed9,7,2,1.041,0.81,0.63,0.601,0.61,0.593,,,,,,1.041,1.851,2.481,3.082,3.692,4.285,,,,,,4.285,5,5,5,5,5,5,,,,,,4.8,6.17,7.94,8.32,8.2,8.43,,,,,,Valid
a3eff9b3-1369-4738-afb3-530948180241,27/01/2026,02:20 AM,30yd Sprint,a6f08aab-2fac-4a10-a2cb-80072273e85f,7,2,1.199,0.781,0.636,0.629,0.576,0.651,,,,,,1.199,1.98,2.616,3.245,3.821,4.472,,,,,,4.472,5,5,5,5,5,5,,,,,,4.17,6.4,7.86,7.95,8.68,7.68,,,,,,Valid
df79741a-0c54-486b-8a9c-644933bb2932,27/01/2026,02:05 AM,30yd Sprint,8024f710-12fb-46a5-b689-7693a509fed9,7,2,1.049,0.738,0.628,0.617,0.577,0.591,,,,,,1.049,1.787,2.415,3.032,3.609,4.2,,,,,,4.2,5,5,5,5,5,5,,,,,,4.77,6.78,7.96,8.1,8.67,8.46,,,,,,Valid
8720d9d1-c213-400a-bd49-d989bc14b14d,27/01/2026,01:51 AM,30yd Sprint,8024f710-12fb-46a5-b689-7693a509fed9,7,2,1.058,0.735,0.612,0.591,0.564,0.565,,,,,,1.058,1.793,2.405,2.996,3.56,4.125,,,,,,4.125,5,5,5,5,5,5,,,,,,4.73,6.8,8.17,8.46,8.87,8.85,,,,,,Valid
4d7548fb-1fdb-4d4f-9ba6-1620af9f1d2f,27/01/2026,09:43 AM,30yd Sprint,b5b2a3f8-21fc-4bbe-ac84-deb802eef0ce,7,2,1.084,0.895,0.699,0.665,0.677,0.669,,,,,,1.084,1.979,2.678,3.343,4.02,4.689,,,,,,4.689,5,5,5,5,5,5,,,,,,4.61,5.59,7.15,7.52,7.39,7.47,,,,,,Valid
a16341de-4e4c-47a3-bf9c-73beadb84889,27/01/2026,02:04 AM,30yd Sprint,8024f710-12fb-46a5-b689-7693a509fed9,7,2,1.081,0.762,0.665,0.643,0.603,0.606,,,,,,1.081,1.843,2.508,3.151,3.754,4.36,,,,,,4.36,5,5,5,5,5,5,,,,,,4.63,6.56,7.52,7.78,8.29,8.25,,,,,,Valid
fd50323c-e3cd-4256-9832-ce6a132b76a1,27/01/2026,02:02 AM,30yd Sprint,8024f710-12fb-46a5-b689-7693a509fed9,7,2,1.153,0.806,0.646,0.631,0.594,0.586,,,,,,1.153,1.959,2.605,3.236,3.83,4.416,,,,,,4.416,5,5,5,5,5,5,,,,,,4.34,6.2,7.74,7.92,8.42,8.53,,,,,,Valid
244d461e-64e6-4e31-9161-07efb9485361,27/01/2026,01:51 AM,30yd Sprint,8024f710-12fb-46a5-b689-7693a509fed9,7,2,1.076,0.735,0.639,0.617,0.59,0.583,,,,,,1.076,1.811,2.45,3.067,3.657,4.24,,,,,,4.24,5,5,5,5,5,5,,,,,,4.65,6.8,7.82,8.1,8.47,8.58,,,,,,Valid
66ccd6ec-cb42-481d-90cf-2ca609a9eef8,27/01/2026,02:17 AM,30yd Sprint,a6f08aab-2fac-4a10-a2cb-80072273e85f,7,2,1.141,0.785,0.644,0.623,0.574,0.59,,,,,,1.141,1.926,2.57,3.193,3.767,4.357,,,,,,4.357,5,5,5,5,5,5,,,,,,4.38,6.37,7.76,8.03,8.71,8.47,,,,,,Valid
9a1b030b-629b-4dd0-b77e-6543ac15dc67,27/01/2026,09:43 AM,30yd Sprint,b5b2a3f8-21fc-4bbe-ac84-deb802eef0ce,7,2,1.519,0.849,0.708,0.687,0.652,0.703,,,,,,1.519,2.368,3.076,3.763,4.415,5.118,,,,,,5.118,5,5,5,5,5,5,,,,,,3.29,5.89,7.06,7.28,7.67,7.11,,,,,,Valid
fdf84293-add6-4bbf-a0df-e46427a4eb99,27/01/2026,02:03 AM,30yd Sprint,8024f710-12fb-46a5-b689-7693a509fed9,7,2,1.324,0.71,0.72,0.643,0.612,0.609,,,,,,1.324,2.034,2.754,3.397,4.009,4.618,,,,,,4.618,5,5,5,5,5,5,,,,,,3.78,7.04,6.94,7.78,8.17,8.21,,,,,,Valid
73c3f58b-b017-4f98-acc6-30cc0b36b4b9,27/01/2026,02:04 AM,30yd Sprint,8024f710-12fb-46a5-b689-7693a509fed9,7,2,1.115,0.777,0.644,0.628,0.602,0.573,,,,,,1.115,1.892,2.536,3.164,3.766,4.339,,,,,,4.339,5,5,5,5,5,5,,,,,,4.48,6.44,7.76,7.96,8.31,8.73,,,,,,Valid
854f037e-3158-45cf-b5ea-9c709641e417,27/01/2026,09:41 AM,30yd Sprint,b5b2a3f8-21fc-4bbe-ac84-deb802eef0ce,7,2,1.071,0.957,0.732,0.704,0.655,0.693,,,,,,1.071,2.028,2.76,3.464,4.119,4.812,,,,,,4.812,5,5,5,5,5,5,,,,,,4.67,5.22,6.83,7.1,7.63,7.22,,,,,,Valid
22254221-cc7b-4ece-831b-7753a96090d1,27/01/2026,09:42 AM,30yd Sprint,b5b2a3f8-21fc-4bbe-ac84-deb802eef0ce,7,2,1.066,0.876,0.734,0.695,0.669,0.684,,,,,,1.066,1.942,2.676,3.371,4.04,4.724,,,,,,4.724,5,5,5,5,5,5,,,,,,4.69,5.71,6.81,7.19,7.47,7.31,,,,,,Valid
3b64d0cc-84bd-4d01-8932-816eb6e5408b,27/01/2026,02:02 AM,30yd Sprint,8024f710-12fb-46a5-b689-7693a509fed9,7,2,0.976,0.729,0.669,0.598,0.567,0.542,,,,,,0.976,1.705,2.374,2.972,3.539,4.081,,,,,,4.081,5,5,5,5,5,5,,,,,,5.12,6.86,7.47,8.36,8.82,9.23,,,,,,Valid
01495ae2-46d3-4146-83ef-324c89184396,27/01/2026,01:52 AM,30yd Sprint,8024f710-12fb-46a5-b689-7693a509fed9,7,2,0.976,0.768,0.56,0.628,0.543,0.579,,,,,,0.976,1.744,2.304,2.932,3.475,4.054,,,,,,4.054,5,5,5,5,5,5,,,,,,5.12,6.51,8.93,7.96,9.21,8.64,,,,,,Valid
41d77c54-30d6-487d-9328-741ed16ca4a0,27/01/2026,09:54 AM,30yd Sprint,b5b2a3f8-21fc-4bbe-ac84-deb802eef0ce,7,2,1.132,0.889,0.726,0.687,0.622,0.71,,,,,,1.132,2.021,2.747,3.434,4.056,4.766,,,,,,4.766,5,5,5,5,5,5,,,,,,4.42,5.62,6.89,7.28,8.04,7.04,,,,,,Valid
ab4b4d22-e858-4de3-9113-2e5b9c177500,27/01/2026,09:41 AM,30yd Sprint,b5b2a3f8-21fc-4bbe-ac84-deb802eef0ce,7,2,1.224,0.817,0.674,0.634,0.603,0.628,,,,,,1.224,2.041,2.715,3.349,3.952,4.58,,,,,,4.58,5,5,5,5,5,5,,,,,,4.08,6.12,7.42,7.89,8.29,7.96,,,,,,Valid
8ebb21d1-84ab-4846-a228-fdcf1f9a34b9,27/01/2026,09:56 AM,30yd Sprint,b5b2a3f8-21fc-4bbe-ac84-deb802eef0ce,7,2,1.052,0.835,0.722,0.678,0.643,0.653,,,,,,1.052,1.887,2.609,3.287,3.93,4.583,,,,,,4.583,5,5,5,5,5,5,,,,,,4.75,5.99,6.93,7.37,7.78,7.66,,,,,,Valid
ce96297b-aef4-4201-ab7d-1371d7297d30,27/01/2026,02:17 AM,30yd Sprint,a6f08aab-2fac-4a10-a2cb-80072273e85f,7,2,1.001,0.71,0.653,0.557,0.594,0.556,,,,,,1.001,1.711,2.364,2.921,3.515,4.071,,,,,,4.071,5,5,5,5,5,5,,,,,,5,7.04,7.66,8.98,8.42,8.99,,,,,,Valid
c4af5dff-a038-40c0-8eab-be2e9a653245,27/01/2026,02:03 AM,30yd Sprint,8024f710-12fb-46a5-b689-7693a509fed9,7,2,1.336,0.714,0.639,0.676,0.58,0.559,,,,,,1.336,2.05,2.689,3.365,3.945,4.504,,,,,,4.504,5,5,5,5,5,5,,,,,,3.74,7,7.82,7.4,8.62,8.94,,,,,,Valid
87e2d9bf-dadc-4202-b483-2e3fee35834a,27/01/2026,09:55 AM,30yd Sprint,b5b2a3f8-21fc-4bbe-ac84-deb802eef0ce,7,2,1.205,0.876,0.721,0.739,0.665,0.7,,,,,,1.205,2.081,2.802,3.541,4.206,4.906,,,,,,4.906,5,5,5,5,5,5,,,,,,4.15,5.71,6.93,6.77,7.52,7.14,,,,,,Valid
cbe72f8c-5ae1-465a-a3f5-45039d13e470,27/01/2026,09:55 AM,30yd Sprint,b5b2a3f8-21fc-4bbe-ac84-deb802eef0ce,7,2,1.173,0.814,0.758,0.682,0.699,0.688,,,,,,1.173,1.987,2.745,3.427,4.126,4.814,,,,,,4.814,5,5,5,5,5,5,,,,,,4.26,6.14,6.6,7.33,7.15,7.27,,,,,,Valid
a29eddec-b5b1-400f-8bfc-94182622870c,27/01/2026,09:57 AM,30yd Sprint,b5b2a3f8-21fc-4bbe-ac84-deb802eef0ce,7,2,1.286,0.787,0.767,0.665,0.669,0.684,,,,,,1.286,2.073,2.84,3.505,4.174,4.858,,,,,,4.858,5,5,5,5,5,5,,,,,,3.89,6.35,6.52,7.52,7.47,7.31,,,,,,Valid
f3293177-dfe2-45e1-8f9e-d774d61c92ec,27/01/2026,10:03 AM,30yd Sprint,b5b2a3f8-21fc-4bbe-ac84-deb802eef0ce,7,2,1.22,0.838,0.739,0.743,0.702,0.704,,,,,,1.22,2.058,2.797,3.54,4.242,4.946,,,,,,4.946,5,5,5,5,5,5,,,,,,4.1,5.97,6.77,6.73,7.12,7.1,,,,,,Valid
0530676d-7e30-4462-8040-5f6609e81874,27/01/2026,02:18 AM,30yd Sprint,a6f08aab-2fac-4a10-a2cb-80072273e85f,7,2,1.111,0.732,0.625,0.631,0.562,0.61,,,,,,1.111,1.843,2.468,3.099,3.661,4.271,,,,,,4.271,5,5,5,5,5,5,,,,,,4.5,6.83,8,7.92,8.9,8.2,,,,,,Valid
29c053b7-322e-4e20-8773-83b2e6fae05f,27/01/2026,09:56 AM,30yd Sprint,b5b2a3f8-21fc-4bbe-ac84-deb802eef0ce,7,2,1.087,0.856,0.734,0.681,0.67,0.677,,,,,,1.087,1.943,2.677,3.358,4.028,4.705,,,,,,4.705,5,5,5,5,5,5,,,,,,4.6,5.84,6.81,7.34,7.46,7.39,,,,,,Valid
66ccd6ec-cb42-481d-90cf-2ca609a9eef8,27/01/2026,02:15 AM,30yd Sprint,a6f08aab-2fac-4a10-a2cb-80072273e85f,7,1,1.174,0.775,0.649,0.624,0.603,0.592,,,,,,1.174,1.949,2.598,3.222,3.825,4.417,,,,,,4.417,5,5,5,5,5,5,,,,,,4.26,6.45,7.7,8.01,8.29,8.45,,,,,,Valid
b680bdf4-68b7-4866-a877-fbc866ff6600,27/01/2026,01:50 AM,30yd Sprint,8024f710-12fb-46a5-b689-7693a509fed9,7,1,1.096,0.793,0.627,0.601,0.606,0.584,,,,,,1.096,1.889,2.516,3.117,3.723,4.307,,,,,,4.307,5,5,5,5,5,5,,,,,,4.56,6.31,7.97,8.32,8.25,8.56,,,,,,Valid
fd50323c-e3cd-4256-9832-ce6a132b76a1,27/01/2026,01:57 AM,30yd Sprint,8024f710-12fb-46a5-b689-7693a509fed9,7,1,1.122,0.786,0.638,0.629,0.588,0.605,,,,,,1.122,1.908,2.546,3.175,3.763,4.368,,,,,,4.368,5,5,5,5,5,5,,,,,,4.46,6.36,7.84,7.95,8.5,8.26,,,,,,Valid
41d77c54-30d6-487d-9328-741ed16ca4a0,27/01/2026,09:51 AM,30yd Sprint,b5b2a3f8-21fc-4bbe-ac84-deb802eef0ce,7,1,1.09,0.875,0.729,0.68,0.661,0.66,,,,,,1.09,1.965,2.694,3.374,4.035,4.695,,,,,,4.695,5,5,5,5,5,5,,,,,,4.59,5.71,6.86,7.35,7.56,7.58,,,,,,Valid
ab4b4d22-e858-4de3-9113-2e5b9c177500,27/01/2026,09:37 AM,30yd Sprint,b5b2a3f8-21fc-4bbe-ac84-deb802eef0ce,7,1,2.623,0.82,0.728,0.617,0.651,0.629,,,,,,2.623,3.443,4.171,4.788,5.439,6.068,,,,,,6.068,5,5,5,5,5,5,,,,,,1.91,6.1,6.87,8.1,7.68,7.95,,,,,,Valid
a0df75c5-ae50-43af-9b2a-41855646740c,27/01/2026,09:39 AM,30yd Sprint,b5b2a3f8-21fc-4bbe-ac84-deb802eef0ce,7,1,1.062,0.82,0.744,0.7,0.672,0.698,,,,,,1.062,1.882,2.626,3.326,3.998,4.696,,,,,,4.696,5,5,5,5,5,5,,,,,,4.71,6.1,6.72,7.14,7.44,7.16,,,,,,Valid
6dbf42b5-f353-4cb3-aaba-1918d79b5784,27/01/2026,09:16 AM,30yd Sprint,30158c0a-f6e2-4227-a6bd-d5816cf0d3dd,7,1,1.752,1.386,1.223,1.243,1.257,1.454,,,,,,1.752,3.138,4.361,5.604,6.861,8.315,,,,,,8.315,5,5,5,5,5,5,,,,,,2.85,3.61,4.09,4.02,3.98,3.44,,,,,,Valid
c4af5dff-a038-40c0-8eab-be2e9a653245,27/01/2026,01:58 AM,30yd Sprint,8024f710-12fb-46a5-b689-7693a509fed9,7,1,1.309,0.727,0.648,0.619,0.641,0.596,,,,,,1.309,2.036,2.684,3.303,3.944,4.54,,,,,,4.54,5,5,5,5,5,5,,,,,,3.82,6.88,7.72,8.08,7.8,8.39,,,,,,Valid
87e2d9bf-dadc-4202-b483-2e3fee35834a,27/01/2026,09:51 AM,30yd Sprint,b5b2a3f8-21fc-4bbe-ac84-deb802eef0ce,7,1,1.186,0.828,0.719,0.753,0.663,0.689,,,,,,1.186,2.014,2.733,3.486,4.149,4.838,,,,,,4.838,5,5,5,5,5,5,,,,,,4.22,6.04,6.95,6.64,7.54,7.26,,,,,,Valid
06c71e5c-cd0f-430a-bb03-3baa86430007,27/01/2026,09:52 AM,30yd Sprint,b5b2a3f8-21fc-4bbe-ac84-deb802eef0ce,7,1,1.194,0.798,0.739,0.677,0.652,0.67,,,,,,1.194,1.992,2.731,3.408,4.06,4.73,,,,,,4.73,5,5,5,5,5,5,,,,,,4.19,6.27,6.77,7.39,7.67,7.46,,,,,,Valid
244d461e-64e6-4e31-9161-07efb9485361,27/01/2026,01:49 AM,30yd Sprint,8024f710-12fb-46a5-b689-7693a509fed9,7,1,1.086,0.736,0.643,0.623,0.59,0.588,,,,,,1.086,1.822,2.465,3.088,3.678,4.266,,,,,,4.266,5,5,5,5,5,5,,,,,,4.6,6.79,7.78,8.03,8.47,8.5,,,,,,Valid
3b64d0cc-84bd-4d01-8932-816eb6e5408b,27/01/2026,01:56 AM,30yd Sprint,8024f710-12fb-46a5-b689-7693a509fed9,7,1,1.032,0.773,0.592,0.632,0.561,0.575,,,,,,1.032,1.805,2.397,3.029,3.59,4.165,,,,,,4.165,5,5,5,5,5,5,,,,,,4.84,6.47,8.45,7.91,8.91,8.7,,,,,,Valid
9a1b030b-629b-4dd0-b77e-6543ac15dc67,27/01/2026,09:40 AM,30yd Sprint,b5b2a3f8-21fc-4bbe-ac84-deb802eef0ce,7,1,1.183,0.832,0.813,0.7,0.656,0.706,,,,,,1.183,2.015,2.828,3.528,4.184,4.89,,,,,,4.89,5,5,5,5,5,5,,,,,,4.23,6.01,6.15,7.14,7.62,7.08,,,,,,Valid
df79741a-0c54-486b-8a9c-644933bb2932,27/01/2026,02:01 AM,30yd Sprint,8024f710-12fb-46a5-b689-7693a509fed9,7,1,1.079,0.77,0.635,0.621,0.593,0.585,,,,,,1.079,1.849,2.484,3.105,3.698,4.283,,,,,,4.283,5,5,5,5,5,5,,,,,,4.63,6.49,7.87,8.05,8.43,8.55,,,,,,Valid
8ebb21d1-84ab-4846-a228-fdcf1f9a34b9,27/01/2026,09:53 AM,30yd Sprint,b5b2a3f8-21fc-4bbe-ac84-deb802eef0ce,7,1,1.08,0.791,0.763,0.644,0.686,0.659,,,,,,1.08,1.871,2.634,3.278,3.964,4.623,,,,,,4.623,5,5,5,5,5,5,,,,,,4.63,6.32,6.55,7.76,7.29,7.59,,,,,,Valid
dbb4aa40-74a4-42c0-bc11-3a8a85dc7d1a,27/01/2026,01:50 AM,30yd Sprint,8024f710-12fb-46a5-b689-7693a509fed9,7,1,1.067,0.824,0.662,0.646,0.647,0.623,,,,,,1.067,1.891,2.553,3.199,3.846,4.469,,,,,,4.469,5,5,5,5,5,5,,,,,,4.69,6.07,7.55,7.74,7.73,8.03,,,,,,Valid
4d7548fb-1fdb-4d4f-9ba6-1620af9f1d2f,27/01/2026,09:39 AM,30yd Sprint,b5b2a3f8-21fc-4bbe-ac84-deb802eef0ce,7,1,1.184,0.856,0.692,0.722,0.657,0.664,,,,,,1.184,2.04,2.732,3.454,4.111,4.775,,,,,,4.775,5,5,5,5,5,5,,,,,,4.22,5.84,7.23,6.93,7.61,7.53,,,,,,Valid
a29eddec-b5b1-400f-8bfc-94182622870c,27/01/2026,09:54 AM,30yd Sprint,b5b2a3f8-21fc-4bbe-ac84-deb802eef0ce,7,1,1.252,0.819,0.765,0.693,0.671,0.674,,,,,,1.252,2.071,2.836,3.529,4.2,4.874,,,,,,4.874,5,5,5,5,5,5,,,,,,3.99,6.11,6.54,7.22,7.45,7.42,,,,,,Valid
29c053b7-322e-4e20-8773-83b2e6fae05f,27/01/2026,09:53 AM,30yd Sprint,b5b2a3f8-21fc-4bbe-ac84-deb802eef0ce,7,1,1.022,0.909,0.725,0.687,0.678,0.695,,,,,,1.022,1.931,2.656,3.343,4.021,4.716,,,,,,4.716,5,5,5,5,5,5,,,,,,4.89,5.5,6.9,7.28,7.37,7.19,,,,,,Valid
36220e68-d1be-4d98-9059-74de3091b1b1,27/01/2026,12:33 AM,30yd Sprint,563860b6-6bbf-4133-a8e2-6ac3a35a86da,7,1,1.468,1.286,1.208,1.301,1.272,1.42,,,,,,1.468,2.754,3.962,5.263,6.535,7.955,,,,,,7.955,5,5,5,5,5,5,,,,,,3.41,3.89,4.14,3.84,3.93,3.52,,,,,,Valid
0530676d-7e30-4462-8040-5f6609e81874,27/01/2026,02:16 AM,30yd Sprint,a6f08aab-2fac-4a10-a2cb-80072273e85f,7,1,1.133,0.748,0.588,0.646,0.601,0.581,,,,,,1.133,1.881,2.469,3.115,3.716,4.297,,,,,,4.297,5,5,5,5,5,5,,,,,,4.41,6.68,8.5,7.74,8.32,8.61,,,,,,Valid
8720d9d1-c213-400a-bd49-d989bc14b14d,27/01/2026,01:48 AM,30yd Sprint,8024f710-12fb-46a5-b689-7693a509fed9,7,1,1.068,0.736,0.596,0.633,0.57,0.552,,,,,,1.068,1.804,2.4,3.033,3.603,4.155,,,,,,4.155,5,5,5,5,5,5,,,,,,4.68,6.79,8.39,7.9,8.77,9.06,,,,,,Valid
b51cd86a-9d38-40a3-8fb6-1e3893857e88,27/01/2026,01:57 AM,30yd Sprint,8024f710-12fb-46a5-b689-7693a509fed9,7,1,1.319,0.798,0.667,0.649,0.605,0.636,,,,,,1.319,2.117,2.784,3.433,4.038,4.674,,,,,,4.674,5,5,5,5,5,5,,,,,,3.79,6.27,7.5,7.7,8.26,7.86,,,,,,Valid
244d461e-64e6-4e31-9161-07efb9485361,27/01/2026,12:54 AM,30yd Sprint,65bbd2b0-ce60-430c-9b64-8abf51f20af3,7,1,1.493,1.073,0.972,1.01,0.979,1.054,,,,,,1.493,2.566,3.538,4.548,5.527,6.581,,,,,,6.581,5,5,5,5,5,5,,,,,,3.35,4.66,5.14,4.95,5.11,4.74,,,,,,Valid
fdf84293-add6-4bbf-a0df-e46427a4eb99,27/01/2026,01:58 AM,30yd Sprint,8024f710-12fb-46a5-b689-7693a509fed9,7,1,1.201,0.748,0.681,0.642,0.611,0.609,,,,,,1.201,1.949,2.63,3.272,3.883,4.492,,,,,,4.492,5,5,5,5,5,5,,,,,,4.16,6.68,7.34,7.79,8.18,8.21,,,,,,Valid
73c3f58b-b017-4f98-acc6-30cc0b36b4b9,27/01/2026,02:01 AM,30yd Sprint,8024f710-12fb-46a5-b689-7693a509fed9,7,1,1.168,0.754,0.655,0.624,0.624,0.608,,,,,,1.168,1.922,2.577,3.201,3.825,4.433,,,,,,4.433,5,5,5,5,5,5,,,,,,4.28,6.63,7.63,8.01,8.01,8.22,,,,,,Valid
854f037e-3158-45cf-b5ea-9c709641e417,27/01/2026,09:38 AM,30yd Sprint,b5b2a3f8-21fc-4bbe-ac84-deb802eef0ce,7,1,1.102,0.902,0.769,0.718,0.621,0.734,,,,,,1.102,2.004,2.773,3.491,4.112,4.846,,,,,,4.846,5,5,5,5,5,5,,,,,,4.54,5.54,6.5,6.96,8.05,6.81,,,,,,Valid
a16341de-4e4c-47a3-bf9c-73beadb84889,27/01/2026,02:00 AM,30yd Sprint,8024f710-12fb-46a5-b689-7693a509fed9,7,1,1.078,0.754,0.682,0.646,0.615,0.613,,,,,,1.078,1.832,2.514,3.16,3.775,4.388,,,,,,4.388,5,5,5,5,5,5,,,,,,4.64,6.63,7.33,7.74,8.13,8.16,,,,,,Valid
22254221-cc7b-4ece-831b-7753a96090d1,27/01/2026,09:39 AM,30yd Sprint,b5b2a3f8-21fc-4bbe-ac84-deb802eef0ce,7,1,1.119,0.828,0.742,0.694,0.658,0.72,,,,,,1.119,1.947,2.689,3.383,4.041,4.761,,,,,,4.761,5,5,5,5,5,5,,,,,,4.47,6.04,6.74,7.2,7.6,6.94,,,,,,Valid
a3eff9b3-1369-4738-afb3-530948180241,27/01/2026,02:16 AM,30yd Sprint,a6f08aab-2fac-4a10-a2cb-80072273e85f,7,1,1.13,0.736,0.662,0.605,0.563,0.604,,,,,,1.13,1.866,2.528,3.133,3.696,4.3,,,,,,4.3,5,5,5,5,5,5,,,,,,4.42,6.79,7.55,8.26,8.88,8.28,,,,,,Valid
f3293177-dfe2-45e1-8f9e-d774d61c92ec,27/01/2026,10:01 AM,30yd Sprint,b5b2a3f8-21fc-4bbe-ac84-deb802eef0ce,7,1,1.19,0.873,0.747,0.72,0.691,0.712,,,,,,1.19,2.063,2.81,3.53,4.221,4.933,,,,,,4.933,5,5,5,5,5,5,,,,,,4.2,5.73,6.69,6.94,7.24,7.02,,,,,,Valid
01495ae2-46d3-4146-83ef-324c89184396,27/01/2026,01:49 AM,30yd Sprint,8024f710-12fb-46a5-b689-7693a509fed9,7,1,0.969,0.768,0.575,0.623,0.543,0.57,,,,,,0.969,1.737,2.312,2.935,3.478,4.048,,,,,,4.048,5,5,5,5,5,5,,,,,,5.16,6.51,8.7,8.03,9.21,8.77,,,,,,Valid
cbe72f8c-5ae1-465a-a3f5-45039d13e470,27/01/2026,09:52 AM,30yd Sprint,b5b2a3f8-21fc-4bbe-ac84-deb802eef0ce,7,1,1.155,0.816,0.763,0.667,0.722,0.687,,,,,,1.155,1.971,2.734,3.401,4.123,4.81,,,,,,4.81,5,5,5,5,5,5,,,,,,4.33,6.13,6.55,7.5,6.93,7.28,,,,,,Valid
ce96297b-aef4-4201-ab7d-1371d7297d30,27/01/2026,02:15 AM,30yd Sprint,a6f08aab-2fac-4a10-a2cb-80072273e85f,7,1,1.035,0.701,0.662,0.553,0.563,0.586,,,,,,1.035,1.736,2.398,2.951,3.514,4.1,,,,,,4.1,5,5,5,5,5,5,,,,,,4.83,7.13,7.55,9.04,8.88,8.53,,,,,,Valid
c2e8e048-67b2-4cca-8bac-7914842464c4,25/08/2026,03:28 AM,30yd Sprint,42e4fe18-8972-4b3d-9f0a-3d56aa3f0069,4,4,1.085,0.692,2.376,,,,,,,,,1.085,1.777,4.153,,,,,,,,,4.153,5,5,20,,,,,,,,,4.61,7.23,8.42,,,,,,,,,Valid
dda8709b-f996-4ad8-9824-e08df523ec23,25/08/2026,03:10 AM,30yd Sprint,42e4fe18-8972-4b3d-9f0a-3d56aa3f0069,4,4,0.96,0.776,2.343,,,,,,,,,0.96,1.736,4.079,,,,,,,,,4.079,5,5,20,,,,,,,,,5.21,6.44,8.54,,,,,,,,,Valid
c5657db0-19d6-4a18-aebb-eee986114646,25/08/2026,03:18 AM,30yd Sprint,42e4fe18-8972-4b3d-9f0a-3d56aa3f0069,4,4,1.101,0.719,2.439,,,,,,,,,1.101,1.82,4.259,,,,,,,,,4.259,5,5,20,,,,,,,,,4.54,6.95,8.2,,,,,,,,,Valid
1b9f67e0-f77d-47cf-a1f1-3abaaa17068a,25/08/2026,03:29 AM,30yd Sprint,42e4fe18-8972-4b3d-9f0a-3d56aa3f0069,4,4,1.096,0.738,2.558,,,,,,,,,1.096,1.834,4.392,,,,,,,,,4.392,5,5,20,,,,,,,,,4.56,6.78,7.82,,,,,,,,,Valid
b680bdf4-68b7-4866-a877-fbc866ff6600,25/08/2026,02:59 AM,30yd Sprint,42e4fe18-8972-4b3d-9f0a-3d56aa3f0069,4,3,1.02,0.746,2.397,,,,,,,,,1.02,1.766,4.163,,,,,,,,,4.163,5,5,20,,,,,,,,,4.9,6.7,8.34,,,,,,,,,Valid
a66dbba2-a1b0-4146-a90d-2f54e5eb44a4,25/08/2026,03:26 AM,30yd Sprint,42e4fe18-8972-4b3d-9f0a-3d56aa3f0069,4,3,1.056,0.729,2.325,,,,,,,,,1.056,1.785,4.11,,,,,,,,,4.11,5,5,20,,,,,,,,,4.73,6.86,8.6,,,,,,,,,Valid
bb1135cd-f25d-46a0-af00-fefcaaa08cf2,25/08/2026,03:09 AM,30yd Sprint,42e4fe18-8972-4b3d-9f0a-3d56aa3f0069,4,3,1.121,0.703,2.423,,,,,,,,,1.121,1.824,4.247,,,,,,,,,4.247,5,5,20,,,,,,,,,4.46,7.11,8.25,,,,,,,,,Valid
c4af5dff-a038-40c0-8eab-be2e9a653245,25/08/2026,03:03 AM,30yd Sprint,42e4fe18-8972-4b3d-9f0a-3d56aa3f0069,4,3,1.139,0.695,2.347,,,,,,,,,1.139,1.834,4.181,,,,,,,,,4.181,5,5,20,,,,,,,,,4.39,7.19,8.52,,,,,,,,,Valid
1b9f67e0-f77d-47cf-a1f1-3abaaa17068a,25/08/2026,03:27 AM,30yd Sprint,42e4fe18-8972-4b3d-9f0a-3d56aa3f0069,4,3,1.088,0.711,2.525,,,,,,,,,1.088,1.799,4.324,,,,,,,,,4.324,5,5,20,,,,,,,,,4.6,7.03,7.92,,,,,,,,,Valid
c5657db0-19d6-4a18-aebb-eee986114646,25/08/2026,03:16 AM,30yd Sprint,42e4fe18-8972-4b3d-9f0a-3d56aa3f0069,4,3,1.894,0.717,2.457,,,,,,,,,1.894,2.611,5.068,,,,,,,,,5.068,5,5,20,,,,,,,,,2.64,6.97,8.14,,,,,,,,,Valid
df79741a-0c54-486b-8a9c-644933bb2932,25/08/2026,03:14 AM,30yd Sprint,42e4fe18-8972-4b3d-9f0a-3d56aa3f0069,4,3,1.109,0.683,2.365,,,,,,,,,1.109,1.792,4.157,,,,,,,,,4.157,5,5,20,,,,,,,,,4.51,7.32,8.46,,,,,,,,,Valid
01495ae2-46d3-4146-83ef-324c89184396,25/08/2026,02:53 AM,30yd Sprint,42e4fe18-8972-4b3d-9f0a-3d56aa3f0069,4,3,1.065,0.708,2.271,,,,,,,,,1.065,1.773,4.044,,,,,,,,,4.044,5,5,20,,,,,,,,,4.69,7.06,8.81,,,,,,,,,Valid
dda8709b-f996-4ad8-9824-e08df523ec23,25/08/2026,03:08 AM,30yd Sprint,42e4fe18-8972-4b3d-9f0a-3d56aa3f0069,4,3,1.04,0.695,2.37,,,,,,,,,1.04,1.735,4.105,,,,,,,,,4.105,5,5,20,,,,,,,,,4.81,7.19,8.44,,,,,,,,,Valid
244d461e-64e6-4e31-9161-07efb9485361,25/08/2026,03:04 AM,30yd Sprint,42e4fe18-8972-4b3d-9f0a-3d56aa3f0069,4,3,1.075,0.707,2.408,,,,,,,,,1.075,1.782,4.19,,,,,,,,,4.19,5,5,20,,,,,,,,,4.65,7.07,8.31,,,,,,,,,Valid
641ba67a-fcc7-455e-85b4-44948d50f8ee,25/08/2026,02:54 AM,30yd Sprint,42e4fe18-8972-4b3d-9f0a-3d56aa3f0069,4,3,1.406,0.692,2.513,,,,,,,,,1.406,2.098,4.611,,,,,,,,,4.611,5,5,20,,,,,,,,,3.56,7.23,7.96,,,,,,,,,Valid
fb8a8a70-19ab-453f-af0a-f65950e9633a,25/08/2026,03:04 AM,30yd Sprint,42e4fe18-8972-4b3d-9f0a-3d56aa3f0069,4,3,1.097,0.721,2.453,,,,,,,,,1.097,1.818,4.271,,,,,,,,,4.271,5,5,20,,,,,,,,,4.56,6.93,8.15,,,,,,,,,Valid
869a2f96-ea7e-41c1-8225-0592f5dac360,25/08/2026,03:20 AM,30yd Sprint,42e4fe18-8972-4b3d-9f0a-3d56aa3f0069,4,3,1.134,0.715,2.529,,,,,,,,,1.134,1.849,4.378,,,,,,,,,4.378,5,5,20,,,,,,,,,4.41,6.99,7.91,,,,,,,,,Valid
60cf5fd7-297f-45eb-982f-6780b2558107,25/08/2026,03:06 AM,30yd Sprint,42e4fe18-8972-4b3d-9f0a-3d56aa3f0069,4,3,1.088,0.785,2.531,,,,,,,,,1.088,1.873,4.404,,,,,,,,,4.404,5,5,20,,,,,,,,,4.6,6.37,7.9,,,,,,,,,Valid
ea32ada1-3719-4cab-a88b-0b56811dfa1f,25/08/2026,03:11 AM,30yd Sprint,42e4fe18-8972-4b3d-9f0a-3d56aa3f0069,4,3,1.094,0.727,2.362,,,,,,,,,1.094,1.821,4.183,,,,,,,,,4.183,5,5,20,,,,,,,,,4.57,6.88,8.47,,,,,,,,,Valid
b668e746-c85f-4439-9902-3301644fa9d6,25/08/2026,03:18 AM,30yd Sprint,42e4fe18-8972-4b3d-9f0a-3d56aa3f0069,4,3,1.486,0.7,2.402,,,,,,,,,1.486,2.186,4.588,,,,,,,,,4.588,5,5,20,,,,,,,,,3.36,7.14,8.33,,,,,,,,,Valid
8720d9d1-c213-400a-bd49-d989bc14b14d,25/08/2026,02:54 AM,30yd Sprint,42e4fe18-8972-4b3d-9f0a-3d56aa3f0069,4,3,1.067,0.677,2.302,,,,,,,,,1.067,1.744,4.046,,,,,,,,,4.046,5,5,20,,,,,,,,,4.69,7.39,8.69,,,,,,,,,Valid
0530676d-7e30-4462-8040-5f6609e81874,25/08/2026,03:03 AM,30yd Sprint,42e4fe18-8972-4b3d-9f0a-3d56aa3f0069,4,3,1.097,0.757,2.494,,,,,,,,,1.097,1.854,4.348,,,,,,,,,4.348,5,5,20,,,,,,,,,4.56,6.61,8.02,,,,,,,,,Valid
c2e8e048-67b2-4cca-8bac-7914842464c4,25/08/2026,03:26 AM,30yd Sprint,42e4fe18-8972-4b3d-9f0a-3d56aa3f0069,4,3,1.054,0.804,2.405,,,,,,,,,1.054,1.858,4.263,,,,,,,,,4.263,5,5,20,,,,,,,,,4.74,6.22,8.32,,,,,,,,,Valid
b668e746-c85f-4439-9902-3301644fa9d6,25/08/2026,03:13 AM,30yd Sprint,42e4fe18-8972-4b3d-9f0a-3d56aa3f0069,4,2,1.076,0.693,2.36,,,,,,,,,1.076,1.769,4.129,,,,,,,,,4.129,5,5,20,,,,,,,,,4.65,7.22,8.47,,,,,,,,,Valid
244d461e-64e6-4e31-9161-07efb9485361,25/08/2026,03:01 AM,30yd Sprint,42e4fe18-8972-4b3d-9f0a-3d56aa3f0069,4,2,1.079,0.747,2.415,,,,,,,,,1.079,1.826,4.241,,,,,,,,,4.241,5,5,20,,,,,,,,,4.63,6.69,8.28,,,,,,,,,Valid
5e0b77df-1117-457d-b219-40f4f4659759,25/08/2026,03:25 AM,30yd Sprint,42e4fe18-8972-4b3d-9f0a-3d56aa3f0069,4,2,1.482,0.736,2.54,,,,,,,,,1.482,2.218,4.758,,,,,,,,,4.758,5,5,20,,,,,,,,,3.37,6.79,7.87,,,,,,,,,Valid
a66dbba2-a1b0-4146-a90d-2f54e5eb44a4,25/08/2026,03:23 AM,30yd Sprint,42e4fe18-8972-4b3d-9f0a-3d56aa3f0069,4,2,1.087,0.68,2.371,,,,,,,,,1.087,1.767,4.138,,,,,,,,,4.138,5,5,20,,,,,,,,,4.6,7.35,8.44,,,,,,,,,Valid
869a2f96-ea7e-41c1-8225-0592f5dac360,25/08/2026,03:15 AM,30yd Sprint,42e4fe18-8972-4b3d-9f0a-3d56aa3f0069,4,2,1.175,0.717,2.495,,,,,,,,,1.175,1.892,4.387,,,,,,,,,4.387,5,5,20,,,,,,,,,4.26,6.97,8.02,,,,,,,,,Valid
a3eff9b3-1369-4738-afb3-530948180241,25/08/2026,03:24 AM,30yd Sprint,42e4fe18-8972-4b3d-9f0a-3d56aa3f0069,4,2,1.091,0.744,2.374,,,,,,,,,1.091,1.835,4.209,,,,,,,,,4.209,5,5,20,,,,,,,,,4.58,6.72,8.42,,,,,,,,,Valid
3b64d0cc-84bd-4d01-8932-816eb6e5408b,25/08/2026,02:50 AM,30yd Sprint,42e4fe18-8972-4b3d-9f0a-3d56aa3f0069,4,2,1.118,0.707,2.449,,,,,,,,,1.118,1.825,4.274,,,,,,,,,4.274,5,5,20,,,,,,,,,4.47,7.07,8.17,,,,,,,,,Valid
60cf5fd7-297f-45eb-982f-6780b2558107,25/08/2026,03:02 AM,30yd Sprint,42e4fe18-8972-4b3d-9f0a-3d56aa3f0069,4,2,1.1,0.79,2.555,,,,,,,,,1.1,1.89,4.445,,,,,,,,,4.445,5,5,20,,,,,,,,,4.55,6.33,7.83,,,,,,,,,Valid
dda8709b-f996-4ad8-9824-e08df523ec23,25/08/2026,03:05 AM,30yd Sprint,42e4fe18-8972-4b3d-9f0a-3d56aa3f0069,4,2,1.652,0.646,2.409,,,,,,,,,1.652,2.298,4.707,,,,,,,,,4.707,5,5,20,,,,,,,,,3.03,7.74,8.3,,,,,,,,,Valid
0530676d-7e30-4462-8040-5f6609e81874,25/08/2026,02:59 AM,30yd Sprint,42e4fe18-8972-4b3d-9f0a-3d56aa3f0069,4,2,1.079,0.759,2.501,,,,,,,,,1.079,1.838,4.339,,,,,,,,,4.339,5,5,20,,,,,,,,,4.63,6.59,8,,,,,,,,,Valid
73c3f58b-b017-4f98-acc6-30cc0b36b4b9,25/08/2026,03:27 AM,30yd Sprint,42e4fe18-8972-4b3d-9f0a-3d56aa3f0069,4,2,1.094,0.753,2.481,,,,,,,,,1.094,1.847,4.328,,,,,,,,,4.328,5,5,20,,,,,,,,,4.57,6.64,8.06,,,,,,,,,Valid
01495ae2-46d3-4146-83ef-324c89184396,25/08/2026,02:50 AM,30yd Sprint,42e4fe18-8972-4b3d-9f0a-3d56aa3f0069,4,2,1.078,0.718,2.317,,,,,,,,,1.078,1.796,4.113,,,,,,,,,4.113,5,5,20,,,,,,,,,4.64,6.96,8.63,,,,,,,,,Valid
bb1135cd-f25d-46a0-af00-fefcaaa08cf2,25/08/2026,03:06 AM,30yd Sprint,42e4fe18-8972-4b3d-9f0a-3d56aa3f0069,4,2,1.183,0.693,2.406,,,,,,,,,1.183,1.876,4.282,,,,,,,,,4.282,5,5,20,,,,,,,,,4.23,7.22,8.31,,,,,,,,,Valid
fb8a8a70-19ab-453f-af0a-f65950e9633a,25/08/2026,03:01 AM,30yd Sprint,42e4fe18-8972-4b3d-9f0a-3d56aa3f0069,4,2,1.108,0.718,2.478,,,,,,,,,1.108,1.826,4.304,,,,,,,,,4.304,5,5,20,,,,,,,,,4.51,6.96,8.07,,,,,,,,,Valid
8720d9d1-c213-400a-bd49-d989bc14b14d,25/08/2026,02:51 AM,30yd Sprint,42e4fe18-8972-4b3d-9f0a-3d56aa3f0069,4,2,1.067,0.735,2.337,,,,,,,,,1.067,1.802,4.139,,,,,,,,,4.139,5,5,20,,,,,,,,,4.69,6.8,8.56,,,,,,,,,Valid
1b9f67e0-f77d-47cf-a1f1-3abaaa17068a,25/08/2026,03:24 AM,30yd Sprint,42e4fe18-8972-4b3d-9f0a-3d56aa3f0069,4,2,1.104,0.736,2.526,,,,,,,,,1.104,1.84,4.366,,,,,,,,,4.366,5,5,20,,,,,,,,,4.53,6.79,7.92,,,,,,,,,Valid
c2e8e048-67b2-4cca-8bac-7914842464c4,25/08/2026,03:23 AM,30yd Sprint,42e4fe18-8972-4b3d-9f0a-3d56aa3f0069,4,2,1.791,0.794,2.596,,,,,,,,,1.791,2.585,5.181,,,,,,,,,5.181,5,5,20,,,,,,,,,2.79,6.3,7.7,,,,,,,,,Valid
df79741a-0c54-486b-8a9c-644933bb2932,25/08/2026,03:11 AM,30yd Sprint,42e4fe18-8972-4b3d-9f0a-3d56aa3f0069,4,2,1.088,0.679,2.356,,,,,,,,,1.088,1.767,4.123,,,,,,,,,4.123,5,5,20,,,,,,,,,4.6,7.36,8.49,,,,,,,,,Valid
c5657db0-19d6-4a18-aebb-eee986114646,25/08/2026,03:13 AM,30yd Sprint,42e4fe18-8972-4b3d-9f0a-3d56aa3f0069,4,2,1.108,0.72,2.502,,,,,,,,,1.108,1.828,4.33,,,,,,,,,4.33,5,5,20,,,,,,,,,4.51,6.94,7.99,,,,,,,,,Valid
fd50323c-e3cd-4256-9832-ce6a132b76a1,25/08/2026,03:19 AM,30yd Sprint,42e4fe18-8972-4b3d-9f0a-3d56aa3f0069,4,2,1.075,0.761,2.524,,,,,,,,,1.075,1.836,4.36,,,,,,,,,4.36,5,5,20,,,,,,,,,4.65,6.57,7.92,,,,,,,,,Valid
c4af5dff-a038-40c0-8eab-be2e9a653245,25/08/2026,03:00 AM,30yd Sprint,42e4fe18-8972-4b3d-9f0a-3d56aa3f0069,4,2,1.145,0.703,2.383,,,,,,,,,1.145,1.848,4.231,,,,,,,,,4.231,5,5,20,,,,,,,,,4.37,7.11,8.39,,,,,,,,,Valid
bebc91e6-c532-4e43-9208-d747dff7a7c8,25/08/2026,03:17 AM,30yd Sprint,42e4fe18-8972-4b3d-9f0a-3d56aa3f0069,4,2,1.164,0.692,2.397,,,,,,,,,1.164,1.856,4.253,,,,,,,,,4.253,5,5,20,,,,,,,,,4.3,7.23,8.34,,,,,,,,,Valid
641ba67a-fcc7-455e-85b4-44948d50f8ee,25/08/2026,02:53 AM,30yd Sprint,42e4fe18-8972-4b3d-9f0a-3d56aa3f0069,4,2,1.184,0.727,2.497,,,,,,,,,1.184,1.911,4.408,,,,,,,,,4.408,5,5,20,,,,,,,,,4.22,6.88,8.01,,,,,,,,,Valid
b680bdf4-68b7-4866-a877-fbc866ff6600,25/08/2026,02:56 AM,30yd Sprint,42e4fe18-8972-4b3d-9f0a-3d56aa3f0069,4,2,1.036,0.787,2.418,,,,,,,,,1.036,1.823,4.241,,,,,,,,,4.241,5,5,20,,,,,,,,,4.83,6.35,8.27,,,,,,,,,Valid
ea32ada1-3719-4cab-a88b-0b56811dfa1f,25/08/2026,03:08 AM,30yd Sprint,42e4fe18-8972-4b3d-9f0a-3d56aa3f0069,4,2,1.072,0.735,2.373,,,,,,,,,1.072,1.807,4.18,,,,,,,,,4.18,5,5,20,,,,,,,,,4.66,6.8,8.43,,,,,,,,,Valid
1b9f67e0-f77d-47cf-a1f1-3abaaa17068a,25/08/2026,03:20 AM,30yd Sprint,42e4fe18-8972-4b3d-9f0a-3d56aa3f0069,4,1,1.085,0.757,2.506,,,,,,,,,1.085,1.842,4.348,,,,,,,,,4.348,5,5,20,,,,,,,,,4.61,6.61,7.98,,,,,,,,,Valid
bb1135cd-f25d-46a0-af00-fefcaaa08cf2,25/08/2026,03:04 AM,30yd Sprint,42e4fe18-8972-4b3d-9f0a-3d56aa3f0069,4,1,1.129,0.7,2.42,,,,,,,,,1.129,1.829,4.249,,,,,,,,,4.249,5,5,20,,,,,,,,,4.43,7.14,8.26,,,,,,,,,Valid
a3eff9b3-1369-4738-afb3-530948180241,25/08/2026,03:22 AM,30yd Sprint,42e4fe18-8972-4b3d-9f0a-3d56aa3f0069,4,1,1.065,0.734,2.406,,,,,,,,,1.065,1.799,4.205,,,,,,,,,4.205,5,5,20,,,,,,,,,4.69,6.81,8.31,,,,,,,,,Valid
244d461e-64e6-4e31-9161-07efb9485361,25/08/2026,02:58 AM,30yd Sprint,42e4fe18-8972-4b3d-9f0a-3d56aa3f0069,4,1,1.075,0.742,2.41,,,,,,,,,1.075,1.817,4.227,,,,,,,,,4.227,5,5,20,,,,,,,,,4.65,6.74,8.3,,,,,,,,,Valid
60cf5fd7-297f-45eb-982f-6780b2558107,25/08/2026,02:58 AM,30yd Sprint,42e4fe18-8972-4b3d-9f0a-3d56aa3f0069,4,1,1.059,0.801,2.566,,,,,,,,,1.059,1.86,4.426,,,,,,,,,4.426,5,5,20,,,,,,,,,4.72,6.24,7.79,,,,,,,,,Valid
b668e746-c85f-4439-9902-3301644fa9d6,25/08/2026,03:09 AM,30yd Sprint,42e4fe18-8972-4b3d-9f0a-3d56aa3f0069,4,1,1.464,0.7,2.428,,,,,,,,,1.464,2.164,4.592,,,,,,,,,4.592,5,5,20,,,,,,,,,3.42,7.14,8.24,,,,,,,,,Valid
8720d9d1-c213-400a-bd49-d989bc14b14d,25/08/2026,02:46 AM,30yd Sprint,42e4fe18-8972-4b3d-9f0a-3d56aa3f0069,4,1,1.062,0.701,2.32,,,,,,,,,1.062,1.763,4.083,,,,,,,,,4.083,5,5,20,,,,,,,,,4.71,7.13,8.62,,,,,,,,,Valid
fb8a8a70-19ab-453f-af0a-f65950e9633a,25/08/2026,02:57 AM,30yd Sprint,42e4fe18-8972-4b3d-9f0a-3d56aa3f0069,4,1,1.14,0.738,2.538,,,,,,,,,1.14,1.878,4.416,,,,,,,,,4.416,5,5,20,,,,,,,,,4.39,6.78,7.88,,,,,,,,,Valid
a1ee8574-ee79-499a-a77b-bf04c62457da,25/08/2026,03:21 AM,30yd Sprint,42e4fe18-8972-4b3d-9f0a-3d56aa3f0069,4,1,1.056,0.714,2.483,,,,,,,,,1.056,1.77,4.253,,,,,,,,,4.253,5,5,20,,,,,,,,,4.73,7,8.05,,,,,,,,,Valid
869a2f96-ea7e-41c1-8225-0592f5dac360,25/08/2026,03:12 AM,30yd Sprint,42e4fe18-8972-4b3d-9f0a-3d56aa3f0069,4,1,1.17,0.726,2.598,,,,,,,,,1.17,1.896,4.494,,,,,,,,,4.494,5,5,20,,,,,,,,,4.27,6.89,7.7,,,,,,,,,Valid
dda8709b-f996-4ad8-9824-e08df523ec23,25/08/2026,03:00 AM,30yd Sprint,42e4fe18-8972-4b3d-9f0a-3d56aa3f0069,4,1,1.041,0.714,2.385,,,,,,,,,1.041,1.755,4.14,,,,,,,,,4.14,5,5,20,,,,,,,,,4.8,7,8.39,,,,,,,,,Valid
df79741a-0c54-486b-8a9c-644933bb2932,25/08/2026,03:08 AM,30yd Sprint,42e4fe18-8972-4b3d-9f0a-3d56aa3f0069,4,1,1.045,0.73,2.372,,,,,,,,,1.045,1.775,4.147,,,,,,,,,4.147,5,5,20,,,,,,,,,4.78,6.85,8.43,,,,,,,,,Valid
66ccd6ec-cb42-481d-90cf-2ca609a9eef8,25/08/2026,03:17 AM,30yd Sprint,42e4fe18-8972-4b3d-9f0a-3d56aa3f0069,4,1,1.12,0.739,2.504,,,,,,,,,1.12,1.859,4.363,,,,,,,,,4.363,5,5,20,,,,,,,,,4.46,6.77,7.99,,,,,,,,,Valid
fd50323c-e3cd-4256-9832-ce6a132b76a1,25/08/2026,03:15 AM,30yd Sprint,42e4fe18-8972-4b3d-9f0a-3d56aa3f0069,4,1,1.111,0.729,2.536,,,,,,,,,1.111,1.84,4.376,,,,,,,,,4.376,5,5,20,,,,,,,,,4.5,6.86,7.89,,,,,,,,,Valid
3b64d0cc-84bd-4d01-8932-816eb6e5408b,25/08/2026,02:45 AM,30yd Sprint,42e4fe18-8972-4b3d-9f0a-3d56aa3f0069,4,1,1.088,0.697,2.424,,,,,,,,,1.088,1.785,4.209,,,,,,,,,4.209,5,5,20,,,,,,,,,4.6,7.17,8.25,,,,,,,,,Valid
5e0b77df-1117-457d-b219-40f4f4659759,25/08/2026,03:22 AM,30yd Sprint,42e4fe18-8972-4b3d-9f0a-3d56aa3f0069,4,1,1.118,0.77,2.538,,,,,,,,,1.118,1.888,4.426,,,,,,,,,4.426,5,5,20,,,,,,,,,4.47,6.49,7.88,,,,,,,,,Valid
c4af5dff-a038-40c0-8eab-be2e9a653245,25/08/2026,02:56 AM,30yd Sprint,42e4fe18-8972-4b3d-9f0a-3d56aa3f0069,4,1,1.097,0.717,2.419,,,,,,,,,1.097,1.814,4.233,,,,,,,,,4.233,5,5,20,,,,,,,,,4.56,6.97,8.27,,,,,,,,,Valid
c2e8e048-67b2-4cca-8bac-7914842464c4,25/08/2026,02:48 AM,30yd Sprint,42e4fe18-8972-4b3d-9f0a-3d56aa3f0069,4,1,1.423,0.789,2.43,,,,,,,,,1.423,2.212,4.642,,,,,,,,,4.642,5,5,20,,,,,,,,,3.51,6.34,8.23,,,,,,,,,Valid
cae2b11a-5515-4922-8fe3-86c4c2ae18d6,25/08/2026,02:28 AM,30yd Sprint,42e4fe18-8972-4b3d-9f0a-3d56aa3f0069,4,1,1.39,1.066,3.957,,,,,,,,,1.39,2.456,6.413,,,,,,,,,6.413,5,5,20,,,,,,,,,3.6,4.69,5.05,,,,,,,,,Valid
b680bdf4-68b7-4866-a877-fbc866ff6600,25/08/2026,02:44 AM,30yd Sprint,42e4fe18-8972-4b3d-9f0a-3d56aa3f0069,4,1,1.049,0.715,2.411,,,,,,,,,1.049,1.764,4.175,,,,,,,,,4.175,5,5,20,,,,,,,,,4.77,6.99,8.3,,,,,,,,,Valid
c5657db0-19d6-4a18-aebb-eee986114646,25/08/2026,03:11 AM,30yd Sprint,42e4fe18-8972-4b3d-9f0a-3d56aa3f0069,4,1,1.106,0.722,2.5,,,,,,,,,1.106,1.828,4.328,,,,,,,,,4.328,5,5,20,,,,,,,,,4.52,6.93,8,,,,,,,,,Valid
ea32ada1-3719-4cab-a88b-0b56811dfa1f,25/08/2026,03:05 AM,30yd Sprint,42e4fe18-8972-4b3d-9f0a-3d56aa3f0069,4,1,1.123,0.699,2.371,,,,,,,,,1.123,1.822,4.193,,,,,,,,,4.193,5,5,20,,,,,,,,,4.45,7.15,8.44,,,,,,,,,Valid
0530676d-7e30-4462-8040-5f6609e81874,25/08/2026,02:55 AM,30yd Sprint,42e4fe18-8972-4b3d-9f0a-3d56aa3f0069,4,1,1.048,0.781,2.548,,,,,,,,,1.048,1.829,4.377,,,,,,,,,4.377,5,5,20,,,,,,,,,4.77,6.4,7.85,,,,,,,,,Valid
73c3f58b-b017-4f98-acc6-30cc0b36b4b9,25/08/2026,03:25 AM,30yd Sprint,42e4fe18-8972-4b3d-9f0a-3d56aa3f0069,4,1,1.133,0.71,2.495,,,,,,,,,1.133,1.843,4.338,,,,,,,,,4.338,5,5,20,,,,,,,,,4.41,7.04,8.02,,,,,,,,,Valid
bebc91e6-c532-4e43-9208-d747dff7a7c8,25/08/2026,03:12 AM,30yd Sprint,42e4fe18-8972-4b3d-9f0a-3d56aa3f0069,4,1,1.13,0.697,2.369,,,,,,,,,1.13,1.827,4.196,,,,,,,,,4.196,5,5,20,,,,,,,,,4.42,7.17,8.44,,,,,,,,,Valid
a66dbba2-a1b0-4146-a90d-2f54e5eb44a4,25/08/2026,03:19 AM,30yd Sprint,42e4fe18-8972-4b3d-9f0a-3d56aa3f0069,4,1,1.088,0.679,2.359,,,,,,,,,1.088,1.767,4.126,,,,,,,,,4.126,5,5,20,,,,,,,,,4.6,7.36,8.48,,,,,,,,,Valid
01495ae2-46d3-4146-83ef-324c89184396,25/08/2026,02:46 AM,30yd Sprint,42e4fe18-8972-4b3d-9f0a-3d56aa3f0069,4,1,1.032,0.713,2.329,,,,,,,,,1.032,1.745,4.074,,,,,,,,,4.074,5,5,20,,,,,,,,,4.84,7.01,8.59,,,,,,,,,Valid
888bc2d4-4923-415f-bbd5-3568e2bc0f51,25/08/2026,02:47 AM,30yd Sprint,42e4fe18-8972-4b3d-9f0a-3d56aa3f0069,4,1,1.115,0.72,2.507,,,,,,,,,1.115,1.835,4.342,,,,,,,,,4.342,5,5,20,,,,,,,,,4.48,6.94,7.98,,,,,,,,,Valid
641ba67a-fcc7-455e-85b4-44948d50f8ee,25/08/2026,02:47 AM,30yd Sprint,42e4fe18-8972-4b3d-9f0a-3d56aa3f0069,4,1,1.183,0.736,2.482,,,,,,,,,1.183,1.919,4.401,,,,,,,,,4.401,5,5,20,,,,,,,,,4.23,6.79,8.06,,,,,,,,,Valid
a16341de-4e4c-47a3-bf9c-73beadb84889,25/08/2026,03:24 AM,30yd Sprint,42e4fe18-8972-4b3d-9f0a-3d56aa3f0069,4,1,1.063,0.794,2.574,,,,,,,,,1.063,1.857,4.431,,,,,,,,,4.431,5,5,20,,,,,,,,,4.7,6.3,7.77,,,,,,,,,Valid
8ebb21d1-84ab-4846-a228-fdcf1f9a34b9,23/04/2026,08:27 AM,30yd Sprint,6a491a69-b7b1-446e-9336-c9a970281ab5,2,4,3.974,,,,,,,,,,,3.974,,,,,,,,,,,3.974,30,,,,,,,,,,,7.55,,,,,,,,,,,Valid
22254221-cc7b-4ece-831b-7753a96090d1,23/04/2026,08:26 AM,30yd Sprint,6a491a69-b7b1-446e-9336-c9a970281ab5,2,4,4.897,,,,,,,,,,,4.897,,,,,,,,,,,4.897,30,,,,,,,,,,,6.13,,,,,,,,,,,Valid
1ca9de9b-dac2-4f0f-bdd5-8c5714a68cc0,23/04/2026,12:28 AM,30yd Sprint,98a2f400-8970-4658-81f5-08dc40b95c33,3,3,1.897,2.386,,,,,,,,,,1.897,4.283,,,,,,,,,,4.283,10,20,,,,,,,,,,5.27,8.38,,,,,,,,,,Valid
a29eddec-b5b1-400f-8bfc-94182622870c,23/04/2026,09:00 AM,30yd Sprint,12907fba-c174-47a9-93ba-337e01a8c0c5,2,3,4.769,,,,,,,,,,,4.769,,,,,,,,,,,4.769,30,,,,,,,,,,,6.29,,,,,,,,,,,Valid
b680bdf4-68b7-4866-a877-fbc866ff6600,23/04/2026,12:38 AM,30yd Sprint,98a2f400-8970-4658-81f5-08dc40b95c33,3,3,1.912,2.387,,,,,,,,,,1.912,4.299,,,,,,,,,,4.299,10,20,,,,,,,,,,5.23,8.38,,,,,,,,,,Valid
40432303-15b6-4517-b85c-2c2012d97137,23/04/2026,08:58 AM,30yd Sprint,12907fba-c174-47a9-93ba-337e01a8c0c5,2,3,5.255,,,,,,,,,,,5.255,,,,,,,,,,,5.255,30,,,,,,,,,,,5.71,,,,,,,,,,,Valid
f3293177-dfe2-45e1-8f9e-d774d61c92ec,23/04/2026,08:26 AM,30yd Sprint,6a491a69-b7b1-446e-9336-c9a970281ab5,2,3,4.981,,,,,,,,,,,4.981,,,,,,,,,,,4.981,30,,,,,,,,,,,6.02,,,,,,,,,,,Valid
41d77c54-30d6-487d-9328-741ed16ca4a0,23/04/2026,08:25 AM,30yd Sprint,6a491a69-b7b1-446e-9336-c9a970281ab5,2,3,4.728,,,,,,,,,,,4.728,,,,,,,,,,,4.728,30,,,,,,,,,,,6.35,,,,,,,,,,,Valid
81ddf3f9-a4cd-4885-97de-f8a7f387c208,23/04/2026,12:40 AM,30yd Sprint,98a2f400-8970-4658-81f5-08dc40b95c33,3,3,1.933,2.424,,,,,,,,,,1.933,4.357,,,,,,,,,,4.357,10,20,,,,,,,,,,5.17,8.25,,,,,,,,,,Valid
888bc2d4-4923-415f-bbd5-3568e2bc0f51,23/04/2026,12:26 AM,30yd Sprint,98a2f400-8970-4658-81f5-08dc40b95c33,3,3,1.973,2.479,,,,,,,,,,1.973,4.452,,,,,,,,,,4.452,10,20,,,,,,,,,,5.07,8.07,,,,,,,,,,Valid
22254221-cc7b-4ece-831b-7753a96090d1,23/04/2026,08:23 AM,30yd Sprint,6a491a69-b7b1-446e-9336-c9a970281ab5,2,3,4.767,,,,,,,,,,,4.767,,,,,,,,,,,4.767,30,,,,,,,,,,,6.29,,,,,,,,,,,Valid
8ebb21d1-84ab-4846-a228-fdcf1f9a34b9,23/04/2026,08:26 AM,30yd Sprint,6a491a69-b7b1-446e-9336-c9a970281ab5,2,3,2.428,,,,,,,,,,,2.428,,,,,,,,,,,2.428,30,,,,,,,,,,,12.36,,,,,,,,,,,Valid
3b64d0cc-84bd-4d01-8932-816eb6e5408b,23/04/2026,12:39 AM,30yd Sprint,98a2f400-8970-4658-81f5-08dc40b95c33,3,3,1.905,2.532,,,,,,,,,,1.905,4.437,,,,,,,,,,4.437,10,20,,,,,,,,,,5.25,7.9,,,,,,,,,,Valid
06c71e5c-cd0f-430a-bb03-3baa86430007,23/04/2026,08:58 AM,30yd Sprint,12907fba-c174-47a9-93ba-337e01a8c0c5,2,3,4.762,,,,,,,,,,,4.762,,,,,,,,,,,4.762,30,,,,,,,,,,,6.3,,,,,,,,,,,Valid
df79741a-0c54-486b-8a9c-644933bb2932,23/04/2026,12:40 AM,30yd Sprint,98a2f400-8970-4658-81f5-08dc40b95c33,3,3,1.893,2.414,,,,,,,,,,1.893,4.307,,,,,,,,,,4.307,10,20,,,,,,,,,,5.28,8.29,,,,,,,,,,Valid
cbe72f8c-5ae1-465a-a3f5-45039d13e470,23/04/2026,08:59 AM,30yd Sprint,12907fba-c174-47a9-93ba-337e01a8c0c5,2,3,4.981,,,,,,,,,,,4.981,,,,,,,,,,,4.981,30,,,,,,,,,,,6.02,,,,,,,,,,,Valid
c4af5dff-a038-40c0-8eab-be2e9a653245,23/04/2026,12:27 AM,30yd Sprint,98a2f400-8970-4658-81f5-08dc40b95c33,3,3,2.082,2.35,,,,,,,,,,2.082,4.432,,,,,,,,,,4.432,10,20,,,,,,,,,,4.8,8.51,,,,,,,,,,Valid
a16341de-4e4c-47a3-bf9c-73beadb84889,23/04/2026,12:39 AM,30yd Sprint,98a2f400-8970-4658-81f5-08dc40b95c33,3,3,1.808,2.479,,,,,,,,,,1.808,4.287,,,,,,,,,,4.287,10,20,,,,,,,,,,5.53,8.07,,,,,,,,,,Valid
4d7548fb-1fdb-4d4f-9ba6-1620af9f1d2f,23/04/2026,08:25 AM,30yd Sprint,6a491a69-b7b1-446e-9336-c9a970281ab5,2,3,5.012,,,,,,,,,,,5.012,,,,,,,,,,,5.012,30,,,,,,,,,,,5.99,,,,,,,,,,,Valid
244d461e-64e6-4e31-9161-07efb9485361,23/04/2026,12:26 AM,30yd Sprint,98a2f400-8970-4658-81f5-08dc40b95c33,3,3,1.801,2.393,,,,,,,,,,1.801,4.194,,,,,,,,,,4.194,10,20,,,,,,,,,,5.55,8.36,,,,,,,,,,Valid
a0df75c5-ae50-43af-9b2a-41855646740c,23/04/2026,08:25 AM,30yd Sprint,6a491a69-b7b1-446e-9336-c9a970281ab5,2,3,4.79,,,,,,,,,,,4.79,,,,,,,,,,,4.79,30,,,,,,,,,,,6.26,,,,,,,,,,,Valid
9a1b030b-629b-4dd0-b77e-6543ac15dc67,23/04/2026,08:59 AM,30yd Sprint,12907fba-c174-47a9-93ba-337e01a8c0c5,2,3,4.978,,,,,,,,,,,4.978,,,,,,,,,,,4.978,30,,,,,,,,,,,6.03,,,,,,,,,,,Valid
a4203d99-23a3-4d17-83a5-edfbf9a266c0,23/04/2026,08:58 AM,30yd Sprint,12907fba-c174-47a9-93ba-337e01a8c0c5,2,3,5.133,,,,,,,,,,,5.133,,,,,,,,,,,5.133,30,,,,,,,,,,,5.84,,,,,,,,,,,Valid
29c053b7-322e-4e20-8773-83b2e6fae05f,23/04/2026,08:59 AM,30yd Sprint,12907fba-c174-47a9-93ba-337e01a8c0c5,2,3,4.871,,,,,,,,,,,4.871,,,,,,,,,,,4.871,30,,,,,,,,,,,6.16,,,,,,,,,,,Valid
8720d9d1-c213-400a-bd49-d989bc14b14d,23/04/2026,12:28 AM,30yd Sprint,98a2f400-8970-4658-81f5-08dc40b95c33,3,3,1.903,2.291,,,,,,,,,,1.903,4.194,,,,,,,,,,4.194,10,20,,,,,,,,,,5.25,8.73,,,,,,,,,,Valid
a16341de-4e4c-47a3-bf9c-73beadb84889,23/04/2026,12:36 AM,30yd Sprint,98a2f400-8970-4658-81f5-08dc40b95c33,3,2,1.888,2.464,,,,,,,,,,1.888,4.352,,,,,,,,,,4.352,10,20,,,,,,,,,,5.3,8.12,,,,,,,,,,Valid
3b64d0cc-84bd-4d01-8932-816eb6e5408b,23/04/2026,12:37 AM,30yd Sprint,98a2f400-8970-4658-81f5-08dc40b95c33,3,2,1.879,2.431,,,,,,,,,,1.879,4.31,,,,,,,,,,4.31,10,20,,,,,,,,,,5.32,8.23,,,,,,,,,,Valid
22254221-cc7b-4ece-831b-7753a96090d1,23/04/2026,08:20 AM,30yd Sprint,6a491a69-b7b1-446e-9336-c9a970281ab5,2,2,0.538,,,,,,,,,,,0.538,,,,,,,,,,,0.538,30,,,,,,,,,,,55.76,,,,,,,,,,,Valid
244d461e-64e6-4e31-9161-07efb9485361,23/04/2026,12:22 AM,30yd Sprint,98a2f400-8970-4658-81f5-08dc40b95c33,3,2,1.824,2.406,,,,,,,,,,1.824,4.23,,,,,,,,,,4.23,10,20,,,,,,,,,,5.48,8.31,,,,,,,,,,Valid
8720d9d1-c213-400a-bd49-d989bc14b14d,23/04/2026,12:25 AM,30yd Sprint,98a2f400-8970-4658-81f5-08dc40b95c33,3,2,1.901,2.301,,,,,,,,,,1.901,4.202,,,,,,,,,,4.202,10,20,,,,,,,,,,5.26,8.69,,,,,,,,,,Valid
df79741a-0c54-486b-8a9c-644933bb2932,23/04/2026,12:38 AM,30yd Sprint,98a2f400-8970-4658-81f5-08dc40b95c33,3,2,1.772,2.399,,,,,,,,,,1.772,4.171,,,,,,,,,,4.171,10,20,,,,,,,,,,5.64,8.34,,,,,,,,,,Valid
41d77c54-30d6-487d-9328-741ed16ca4a0,23/04/2026,08:21 AM,30yd Sprint,6a491a69-b7b1-446e-9336-c9a970281ab5,2,2,4.726,,,,,,,,,,,4.726,,,,,,,,,,,4.726,30,,,,,,,,,,,6.35,,,,,,,,,,,Valid
b680bdf4-68b7-4866-a877-fbc866ff6600,23/04/2026,12:36 AM,30yd Sprint,98a2f400-8970-4658-81f5-08dc40b95c33,3,2,1.976,2.392,,,,,,,,,,1.976,4.368,,,,,,,,,,4.368,10,20,,,,,,,,,,5.06,8.36,,,,,,,,,,Valid
cbe72f8c-5ae1-465a-a3f5-45039d13e470,23/04/2026,08:57 AM,30yd Sprint,12907fba-c174-47a9-93ba-337e01a8c0c5,2,2,4.922,,,,,,,,,,,4.922,,,,,,,,,,,4.922,30,,,,,,,,,,,6.1,,,,,,,,,,,Valid
f3293177-dfe2-45e1-8f9e-d774d61c92ec,23/04/2026,08:22 AM,30yd Sprint,6a491a69-b7b1-446e-9336-c9a970281ab5,2,2,4.986,,,,,,,,,,,4.986,,,,,,,,,,,4.986,30,,,,,,,,,,,6.02,,,,,,,,,,,Valid
9a1b030b-629b-4dd0-b77e-6543ac15dc67,23/04/2026,08:57 AM,30yd Sprint,12907fba-c174-47a9-93ba-337e01a8c0c5,2,2,4.587,,,,,,,,,,,4.587,,,,,,,,,,,4.587,30,,,,,,,,,,,6.54,,,,,,,,,,,Valid
888bc2d4-4923-415f-bbd5-3568e2bc0f51,23/04/2026,12:21 AM,30yd Sprint,98a2f400-8970-4658-81f5-08dc40b95c33,3,2,1.912,2.456,,,,,,,,,,1.912,4.368,,,,,,,,,,4.368,10,20,,,,,,,,,,5.23,8.14,,,,,,,,,,Valid
81ddf3f9-a4cd-4885-97de-f8a7f387c208,23/04/2026,12:37 AM,30yd Sprint,98a2f400-8970-4658-81f5-08dc40b95c33,3,2,1.919,2.395,,,,,,,,,,1.919,4.314,,,,,,,,,,4.314,10,20,,,,,,,,,,5.21,8.35,,,,,,,,,,Valid
1e6db637-b485-4869-8c4e-72942db7e088,23/04/2026,12:18 AM,30yd Sprint,98a2f400-8970-4658-81f5-08dc40b95c33,3,2,2.256,3.583,,,,,,,,,,2.256,5.839,,,,,,,,,,5.839,10,20,,,,,,,,,,4.43,5.58,,,,,,,,,,Valid
06c71e5c-cd0f-430a-bb03-3baa86430007,23/04/2026,08:56 AM,30yd Sprint,12907fba-c174-47a9-93ba-337e01a8c0c5,2,2,4.783,,,,,,,,,,,4.783,,,,,,,,,,,4.783,30,,,,,,,,,,,6.27,,,,,,,,,,,Valid
a0df75c5-ae50-43af-9b2a-41855646740c,23/04/2026,08:22 AM,30yd Sprint,6a491a69-b7b1-446e-9336-c9a970281ab5,2,2,4.771,,,,,,,,,,,4.771,,,,,,,,,,,4.771,30,,,,,,,,,,,6.29,,,,,,,,,,,Valid
a29eddec-b5b1-400f-8bfc-94182622870c,23/04/2026,08:57 AM,30yd Sprint,12907fba-c174-47a9-93ba-337e01a8c0c5,2,2,4.829,,,,,,,,,,,4.829,,,,,,,,,,,4.829,30,,,,,,,,,,,6.21,,,,,,,,,,,Valid
40432303-15b6-4517-b85c-2c2012d97137,23/04/2026,08:55 AM,30yd Sprint,12907fba-c174-47a9-93ba-337e01a8c0c5,2,2,5.301,,,,,,,,,,,5.301,,,,,,,,,,,5.301,30,,,,,,,,,,,5.66,,,,,,,,,,,Valid
8ebb21d1-84ab-4846-a228-fdcf1f9a34b9,23/04/2026,08:23 AM,30yd Sprint,6a491a69-b7b1-446e-9336-c9a970281ab5,2,2,4.687,,,,,,,,,,,4.687,,,,,,,,,,,4.687,30,,,,,,,,,,,6.4,,,,,,,,,,,Valid
a4203d99-23a3-4d17-83a5-edfbf9a266c0,23/04/2026,08:56 AM,30yd Sprint,12907fba-c174-47a9-93ba-337e01a8c0c5,2,2,5.147,,,,,,,,,,,5.147,,,,,,,,,,,5.147,30,,,,,,,,,,,5.83,,,,,,,,,,,Valid
c4af5dff-a038-40c0-8eab-be2e9a653245,23/04/2026,12:23 AM,30yd Sprint,98a2f400-8970-4658-81f5-08dc40b95c33,3,2,2.094,2.376,,,,,,,,,,2.094,4.47,,,,,,,,,,4.47,10,20,,,,,,,,,,4.78,8.42,,,,,,,,,,Valid
29c053b7-322e-4e20-8773-83b2e6fae05f,23/04/2026,08:56 AM,30yd Sprint,12907fba-c174-47a9-93ba-337e01a8c0c5,2,2,4.899,,,,,,,,,,,4.899,,,,,,,,,,,4.899,30,,,,,,,,,,,6.12,,,,,,,,,,,Valid
4d7548fb-1fdb-4d4f-9ba6-1620af9f1d2f,23/04/2026,08:21 AM,30yd Sprint,6a491a69-b7b1-446e-9336-c9a970281ab5,2,2,5.032,,,,,,,,,,,5.032,,,,,,,,,,,5.032,30,,,,,,,,,,,5.96,,,,,,,,,,,Valid
1ca9de9b-dac2-4f0f-bdd5-8c5714a68cc0,23/04/2026,12:25 AM,30yd Sprint,98a2f400-8970-4658-81f5-08dc40b95c33,3,2,1.793,2.387,,,,,,,,,,1.793,4.18,,,,,,,,,,4.18,10,20,,,,,,,,,,5.58,8.38,,,,,,,,,,Valid
b680bdf4-68b7-4866-a877-fbc866ff6600,23/04/2026,12:31 AM,30yd Sprint,98a2f400-8970-4658-81f5-08dc40b95c33,3,1,1.972,2.387,,,,,,,,,,1.972,4.359,,,,,,,,,,4.359,10,20,,,,,,,,,,5.07,8.38,,,,,,,,,,Valid
22254221-cc7b-4ece-831b-7753a96090d1,23/04/2026,08:18 AM,30yd Sprint,6a491a69-b7b1-446e-9336-c9a970281ab5,2,1,4.859,,,,,,,,,,,4.859,,,,,,,,,,,4.859,30,,,,,,,,,,,6.17,,,,,,,,,,,Valid
f3293177-dfe2-45e1-8f9e-d774d61c92ec,23/04/2026,08:51 AM,30yd Sprint,12907fba-c174-47a9-93ba-337e01a8c0c5,2,1,5.327,,,,,,,,,,,5.327,,,,,,,,,,,5.327,30,,,,,,,,,,,5.63,,,,,,,,,,,Valid
a16341de-4e4c-47a3-bf9c-73beadb84889,23/04/2026,12:32 AM,30yd Sprint,98a2f400-8970-4658-81f5-08dc40b95c33,3,1,1.843,2.517,,,,,,,,,,1.843,4.36,,,,,,,,,,4.36,10,20,,,,,,,,,,5.43,7.95,,,,,,,,,,Valid
41d77c54-30d6-487d-9328-741ed16ca4a0,23/04/2026,08:18 AM,30yd Sprint,6a491a69-b7b1-446e-9336-c9a970281ab5,2,1,4.813,,,,,,,,,,,4.813,,,,,,,,,,,4.813,30,,,,,,,,,,,6.23,,,,,,,,,,,Valid
06c71e5c-cd0f-430a-bb03-3baa86430007,23/04/2026,08:52 AM,30yd Sprint,12907fba-c174-47a9-93ba-337e01a8c0c5,2,1,5.02,,,,,,,,,,,5.02,,,,,,,,,,,5.02,30,,,,,,,,,,,5.98,,,,,,,,,,,Valid
cbe72f8c-5ae1-465a-a3f5-45039d13e470,23/04/2026,08:54 AM,30yd Sprint,12907fba-c174-47a9-93ba-337e01a8c0c5,2,1,5,,,,,,,,,,,5,,,,,,,,,,,5,30,,,,,,,,,,,6,,,,,,,,,,,Valid
1ca9de9b-dac2-4f0f-bdd5-8c5714a68cc0,23/04/2026,12:21 AM,30yd Sprint,98a2f400-8970-4658-81f5-08dc40b95c33,3,1,2.038,2.409,,,,,,,,,,2.038,4.447,,,,,,,,,,4.447,10,20,,,,,,,,,,4.91,8.3,,,,,,,,,,Valid
81ddf3f9-a4cd-4885-97de-f8a7f387c208,23/04/2026,12:33 AM,30yd Sprint,98a2f400-8970-4658-81f5-08dc40b95c33,3,1,1.933,2.492,,,,,,,,,,1.933,4.425,,,,,,,,,,4.425,10,20,,,,,,,,,,5.17,8.03,,,,,,,,,,Valid
c4af5dff-a038-40c0-8eab-be2e9a653245,23/04/2026,12:20 AM,30yd Sprint,98a2f400-8970-4658-81f5-08dc40b95c33,3,1,1.941,2.423,,,,,,,,,,1.941,4.364,,,,,,,,,,4.364,10,20,,,,,,,,,,5.15,8.25,,,,,,,,,,Valid
244d461e-64e6-4e31-9161-07efb9485361,23/04/2026,12:19 AM,30yd Sprint,98a2f400-8970-4658-81f5-08dc40b95c33,3,1,1.846,2.485,,,,,,,,,,1.846,4.331,,,,,,,,,,4.331,10,20,,,,,,,,,,5.42,8.05,,,,,,,,,,Valid
cbe72f8c-5ae1-465a-a3f5-45039d13e470,23/04/2026,08:44 AM,30yd Sprint,6a491a69-b7b1-446e-9336-c9a970281ab5,2,1,2.311,,,,,,,,,,,2.311,,,,,,,,,,,2.311,30,,,,,,,,,,,12.98,,,,,,,,,,,Valid
66ccd6ec-cb42-481d-90cf-2ca609a9eef8,23/04/2026,12:34 AM,30yd Sprint,98a2f400-8970-4658-81f5-08dc40b95c33,3,1,1.946,2.496,,,,,,,,,,1.946,4.442,,,,,,,,,,4.442,10,20,,,,,,,,,,5.14,8.01,,,,,,,,,,Valid
888bc2d4-4923-415f-bbd5-3568e2bc0f51,23/04/2026,12:19 AM,30yd Sprint,98a2f400-8970-4658-81f5-08dc40b95c33,3,1,1.928,2.47,,,,,,,,,,1.928,4.398,,,,,,,,,,4.398,10,20,,,,,,,,,,5.19,8.1,,,,,,,,,,Valid
8ebb21d1-84ab-4846-a228-fdcf1f9a34b9,23/04/2026,08:20 AM,30yd Sprint,6a491a69-b7b1-446e-9336-c9a970281ab5,2,1,4.675,,,,,,,,,,,4.675,,,,,,,,,,,4.675,30,,,,,,,,,,,6.42,,,,,,,,,,,Valid
a29eddec-b5b1-400f-8bfc-94182622870c,23/04/2026,08:55 AM,30yd Sprint,12907fba-c174-47a9-93ba-337e01a8c0c5,2,1,4.877,,,,,,,,,,,4.877,,,,,,,,,,,4.877,30,,,,,,,,,,,6.15,,,,,,,,,,,Valid
4d7548fb-1fdb-4d4f-9ba6-1620af9f1d2f,23/04/2026,08:19 AM,30yd Sprint,6a491a69-b7b1-446e-9336-c9a970281ab5,2,1,5.036,,,,,,,,,,,5.036,,,,,,,,,,,5.036,30,,,,,,,,,,,5.96,,,,,,,,,,,Valid
8720d9d1-c213-400a-bd49-d989bc14b14d,23/04/2026,12:20 AM,30yd Sprint,98a2f400-8970-4658-81f5-08dc40b95c33,3,1,1.855,2.358,,,,,,,,,,1.855,4.213,,,,,,,,,,4.213,10,20,,,,,,,,,,5.39,8.48,,,,,,,,,,Valid
29c053b7-322e-4e20-8773-83b2e6fae05f,23/04/2026,08:53 AM,30yd Sprint,12907fba-c174-47a9-93ba-337e01a8c0c5,2,1,4.948,,,,,,,,,,,4.948,,,,,,,,,,,4.948,30,,,,,,,,,,,6.06,,,,,,,,,,,Valid
df79741a-0c54-486b-8a9c-644933bb2932,23/04/2026,12:35 AM,30yd Sprint,98a2f400-8970-4658-81f5-08dc40b95c33,3,1,1.798,2.359,,,,,,,,,,1.798,4.157,,,,,,,,,,4.157,10,20,,,,,,,,,,5.56,8.48,,,,,,,,,,Valid
f3293177-dfe2-45e1-8f9e-d774d61c92ec,23/04/2026,08:19 AM,30yd Sprint,6a491a69-b7b1-446e-9336-c9a970281ab5,2,1,5.007,,,,,,,,,,,5.007,,,,,,,,,,,5.007,30,,,,,,,,,,,5.99,,,,,,,,,,,Valid
a4203d99-23a3-4d17-83a5-edfbf9a266c0,23/04/2026,08:52 AM,30yd Sprint,12907fba-c174-47a9-93ba-337e01a8c0c5,2,1,5.396,,,,,,,,,,,5.396,,,,,,,,,,,5.396,30,,,,,,,,,,,5.56,,,,,,,,,,,Valid
9a1b030b-629b-4dd0-b77e-6543ac15dc67,23/04/2026,08:54 AM,30yd Sprint,12907fba-c174-47a9-93ba-337e01a8c0c5,2,1,5.007,,,,,,,,,,,5.007,,,,,,,,,,,5.007,30,,,,,,,,,,,5.99,,,,,,,,,,,Valid
a0df75c5-ae50-43af-9b2a-41855646740c,23/04/2026,08:19 AM,30yd Sprint,6a491a69-b7b1-446e-9336-c9a970281ab5,2,1,4.818,,,,,,,,,,,4.818,,,,,,,,,,,4.818,30,,,,,,,,,,,6.23,,,,,,,,,,,Valid
3b64d0cc-84bd-4d01-8932-816eb6e5408b,23/04/2026,12:33 AM,30yd Sprint,98a2f400-8970-4658-81f5-08dc40b95c33,3,1,1.861,2.402,,,,,,,,,,1.861,4.263,,,,,,,,,,4.263,10,20,,,,,,,,,,5.37,8.33,,,,,,,,,,Valid
40432303-15b6-4517-b85c-2c2012d97137,23/04/2026,08:51 AM,30yd Sprint,12907fba-c174-47a9-93ba-337e01a8c0c5,2,1,5.322,,,,,,,,,,,5.322,,,,,,,,,,,5.322,30,,,,,,,,,,,5.64,,,,,,,,,,,Valid
1e6db637-b485-4869-8c4e-72942db7e088,22/04/2026,11:49 PM,30yd Sprint,98a2f400-8970-4658-81f5-08dc40b95c33,3,1,6.122,12.333,,,,,,,,,,6.122,18.455,,,,,,,,,,18.455,10,20,,,,,,,,,,1.63,1.62,,,,,,,,,,Valid
6dbf42b5-f353-4cb3-aaba-1918d79b5784,17/08/2025,09:00 AM,30yd Sprint,a95ace1b-ef54-43ee-9a42-1b42771b5128,7,4,1.443,0.838,0.803,0.772,0.693,0.727,,,,,,1.443,2.281,3.084,3.856,4.549,5.276,,,,,,5.276,5,5,5,5,5,5,,,,,,3.47,5.97,6.23,6.48,7.22,6.88,,,,,,Valid
8ebb21d1-84ab-4846-a228-fdcf1f9a34b9,17/08/2025,08:30 AM,30yd Sprint,a95ace1b-ef54-43ee-9a42-1b42771b5128,7,3,1.283,0.81,0.697,0.761,0.594,0.671,,,,,,1.283,2.093,2.79,3.551,4.145,4.816,,,,,,4.816,5,5,5,5,5,5,,,,,,3.9,6.17,7.17,6.57,8.42,7.45,,,,,,Valid
07d011b6-fe6f-4210-97f8-76db414dee2e,17/08/2025,08:57 AM,30yd Sprint,a95ace1b-ef54-43ee-9a42-1b42771b5128,7,3,1.188,0.79,0.67,,,0.699,,,,,,1.188,1.978,2.648,,,4.577,,,,,,4.577,5,5,5,5,5,5,,,,,,4.21,6.33,7.46,,,7.15,,,,,,Valid
f6ed7c54-46ee-4c06-bd75-0552edd35a86,17/08/2025,08:23 AM,30yd Sprint,a95ace1b-ef54-43ee-9a42-1b42771b5128,7,3,1.768,0.828,0.693,0.676,0.616,0.687,,,,,,1.768,2.596,3.289,3.965,4.581,5.268,,,,,,5.268,5,5,5,5,5,5,,,,,,2.83,6.04,7.22,7.4,8.12,7.28,,,,,,Valid
2c1aac33-30d7-4b1e-be00-0c106fcd235b,17/08/2025,08:40 AM,30yd Sprint,a95ace1b-ef54-43ee-9a42-1b42771b5128,7,3,1.177,0.87,0.718,0.702,0.623,0.72,,,,,,1.177,2.047,2.765,3.467,4.09,4.81,,,,,,4.81,5,5,5,5,5,5,,,,,,4.25,5.75,6.96,7.12,8.03,6.94,,,,,,Valid
3f981991-e2dc-4ee4-bb4b-5733733a12e1,17/08/2025,08:47 AM,30yd Sprint,a95ace1b-ef54-43ee-9a42-1b42771b5128,7,3,1.186,0.784,0.676,,,0.621,,,,,,1.186,1.97,2.646,,,4.552,,,,,,4.552,5,5,5,5,5,5,,,,,,4.22,6.38,7.4,,,8.05,,,,,,Valid
dd1bb780-41f7-4d52-8f83-3088c584ca70,17/08/2025,08:39 AM,30yd Sprint,a95ace1b-ef54-43ee-9a42-1b42771b5128,7,3,1.239,0.832,0.731,0.717,0.634,0.739,,,,,,1.239,2.071,2.802,3.519,4.153,4.892,,,,,,4.892,5,5,5,5,5,5,,,,,,4.04,6.01,6.84,6.97,7.89,6.77,,,,,,Valid
ab4b4d22-e858-4de3-9113-2e5b9c177500,17/08/2025,08:32 AM,30yd Sprint,a95ace1b-ef54-43ee-9a42-1b42771b5128,7,3,1.171,0.785,0.669,0.648,0.601,0.639,,,,,,1.171,1.956,2.625,3.273,3.874,4.513,,,,,,4.513,5,5,5,5,5,5,,,,,,4.27,6.37,7.47,7.72,8.32,7.82,,,,,,Valid
bdfb9b9d-6ac1-4b34-88c0-eadd54d63a2d,17/08/2025,08:56 AM,30yd Sprint,a95ace1b-ef54-43ee-9a42-1b42771b5128,7,3,1.221,0.806,0.751,,,1.542,,,,,,1.221,2.027,2.778,,,4.784,,,,,,4.784,5,5,5,5,5,5,,,,,,4.1,6.2,6.66,,,3.24,,,,,,Valid
06c71e5c-cd0f-430a-bb03-3baa86430007,17/08/2025,08:56 AM,30yd Sprint,a95ace1b-ef54-43ee-9a42-1b42771b5128,7,3,1.256,0.744,0.754,0.691,0.645,0.676,,,,,,1.256,2,2.754,3.445,4.09,4.766,,,,,,4.766,5,5,5,5,5,5,,,,,,3.98,6.72,6.63,7.24,7.75,7.4,,,,,,Valid
a0df75c5-ae50-43af-9b2a-41855646740c,17/08/2025,08:31 AM,30yd Sprint,a95ace1b-ef54-43ee-9a42-1b42771b5128,7,3,1.241,0.837,0.699,0.688,0.029,1.293,,,,,,1.241,2.078,2.777,3.465,3.494,4.787,,,,,,4.787,5,5,5,5,5,5,,,,,,4.03,5.97,7.15,7.27,172.41,3.87,,,,,,Valid
cdef4326-dae2-4775-b842-4fd3fe5f34a5,17/08/2025,08:39 AM,30yd Sprint,a95ace1b-ef54-43ee-9a42-1b42771b5128,7,3,1.232,0.837,0.725,0.702,0.647,0.64,,,,,,1.232,2.069,2.794,3.496,4.143,4.783,,,,,,4.783,5,5,5,5,5,5,,,,,,4.06,5.97,6.9,7.12,7.73,7.81,,,,,,Valid
fb19e221-2d5c-489c-8784-96a2a0323b94,17/08/2025,08:58 AM,30yd Sprint,a95ace1b-ef54-43ee-9a42-1b42771b5128,7,3,1.234,0.799,0.692,0.676,0.167,1.102,,,,,,1.234,2.033,2.725,3.401,3.568,4.67,,,,,,4.67,5,5,5,5,5,5,,,,,,4.05,6.26,7.23,7.4,29.94,4.54,,,,,,Valid
9a1b030b-629b-4dd0-b77e-6543ac15dc67,17/08/2025,08:47 AM,30yd Sprint,a95ace1b-ef54-43ee-9a42-1b42771b5128,7,3,1.176,0.812,0.69,0.706,0.65,0.62,,,,,,1.176,1.988,2.678,3.384,4.034,4.654,,,,,,4.654,5,5,5,5,5,5,,,,,,4.25,6.16,7.25,7.08,7.69,8.06,,,,,,Valid
a4203d99-23a3-4d17-83a5-edfbf9a266c0,17/08/2025,08:46 AM,30yd Sprint,a95ace1b-ef54-43ee-9a42-1b42771b5128,7,3,1.136,0.875,0.707,0.742,0.674,0.66,,,,,,1.136,2.011,2.718,3.46,4.134,4.794,,,,,,4.794,5,5,5,5,5,5,,,,,,4.4,5.71,7.07,6.74,7.42,7.58,,,,,,Valid
22254221-cc7b-4ece-831b-7753a96090d1,17/08/2025,08:30 AM,30yd Sprint,a95ace1b-ef54-43ee-9a42-1b42771b5128,7,3,1.217,0.795,0.689,0.729,0.606,0.663,,,,,,1.217,2.012,2.701,3.43,4.036,4.699,,,,,,4.699,5,5,5,5,5,5,,,,,,4.11,6.29,7.26,6.86,8.25,7.54,,,,,,Valid
873ca3b5-8585-4c00-ad99-d85539183582,17/08/2025,08:31 AM,30yd Sprint,a95ace1b-ef54-43ee-9a42-1b42771b5128,7,3,1.224,0.752,0.68,0.715,0.616,0.649,,,,,,1.224,1.976,2.656,3.371,3.987,4.636,,,,,,4.636,5,5,5,5,5,5,,,,,,4.08,6.65,7.35,6.99,8.12,7.7,,,,,,Valid
f3293177-dfe2-45e1-8f9e-d774d61c92ec,17/08/2025,08:46 AM,30yd Sprint,a95ace1b-ef54-43ee-9a42-1b42771b5128,7,3,1.249,0.814,0.721,,,0.679,,,,,,1.249,2.063,2.784,,,4.823,,,,,,4.823,5,5,5,5,5,5,,,,,,4,6.14,6.93,,,7.36,,,,,,Valid
87e2d9bf-dadc-4202-b483-2e3fee35834a,17/08/2025,08:23 AM,30yd Sprint,a95ace1b-ef54-43ee-9a42-1b42771b5128,7,3,1.303,0.827,0.718,0.78,0.676,0.708,,,,,,1.303,2.13,2.848,3.628,4.304,5.012,,,,,,5.012,5,5,5,5,5,5,,,,,,3.84,6.05,6.96,6.41,7.4,7.06,,,,,,Valid
854f037e-3158-45cf-b5ea-9c709641e417,17/08/2025,08:46 AM,30yd Sprint,a95ace1b-ef54-43ee-9a42-1b42771b5128,7,3,1.157,0.861,0.713,0.72,0.657,0.674,,,,,,1.157,2.018,2.731,3.451,4.108,4.782,,,,,,4.782,5,5,5,5,5,5,,,,,,4.32,5.81,7.01,6.94,7.61,7.42,,,,,,Valid
6dbf42b5-f353-4cb3-aaba-1918d79b5784,17/08/2025,08:57 AM,30yd Sprint,a95ace1b-ef54-43ee-9a42-1b42771b5128,7,3,1.521,0.838,0.779,0.78,,,,,,,,1.521,2.359,3.138,3.918,,,,,,,,3.918,5,5,5,5,5,5,,,,,,3.29,5.97,6.42,6.41,,,,,,,,Valid
3913038f-bf0f-4ed9-90d1-89e8c404fc9b,17/08/2025,08:40 AM,30yd Sprint,a95ace1b-ef54-43ee-9a42-1b42771b5128,7,3,1.283,0.843,0.771,0.739,0.691,0.69,,,,,,1.283,2.126,2.897,3.636,4.327,5.017,,,,,,5.017,5,5,5,5,5,5,,,,,,3.9,5.93,6.49,6.77,7.24,7.25,,,,,,Valid
5fd8792f-7d52-4132-9444-5e58d7578023,17/08/2025,08:57 AM,30yd Sprint,a95ace1b-ef54-43ee-9a42-1b42771b5128,7,3,1.294,0.867,0.734,0.733,0.704,0.763,,,,,,1.294,2.161,2.895,3.628,4.332,5.095,,,,,,5.095,5,5,5,5,5,5,,,,,,3.86,5.77,6.81,6.82,7.1,6.55,,,,,,Valid
4d7548fb-1fdb-4d4f-9ba6-1620af9f1d2f,17/08/2025,08:38 AM,30yd Sprint,a95ace1b-ef54-43ee-9a42-1b42771b5128,7,3,1.209,0.776,0.704,0.667,0.619,0.669,,,,,,1.209,1.985,2.689,3.356,3.975,4.644,,,,,,4.644,5,5,5,5,5,5,,,,,,4.14,6.44,7.1,7.5,8.08,7.47,,,,,,Valid
cbe72f8c-5ae1-465a-a3f5-45039d13e470,17/08/2025,08:23 AM,30yd Sprint,a95ace1b-ef54-43ee-9a42-1b42771b5128,7,3,1.288,0.891,0.776,0.743,0.704,0.742,,,,,,1.288,2.179,2.955,3.698,4.402,5.144,,,,,,5.144,5,5,5,5,5,5,,,,,,3.88,5.61,6.44,6.73,7.1,6.74,,,,,,Valid
5fd8792f-7d52-4132-9444-5e58d7578023,17/08/2025,08:53 AM,30yd Sprint,a95ace1b-ef54-43ee-9a42-1b42771b5128,7,2,1.325,0.865,0.748,0.736,0.709,0.755,,,,,,1.325,2.19,2.938,3.674,4.383,5.138,,,,,,5.138,5,5,5,5,5,5,,,,,,3.77,5.78,6.68,6.79,7.05,6.62,,,,,,Valid
06c71e5c-cd0f-430a-bb03-3baa86430007,17/08/2025,08:52 AM,30yd Sprint,a95ace1b-ef54-43ee-9a42-1b42771b5128,7,2,1.362,0.762,0.739,0.685,0.636,0.668,,,,,,1.362,2.124,2.863,3.548,4.184,4.852,,,,,,4.852,5,5,5,5,5,5,,,,,,3.67,6.56,6.77,7.3,7.86,7.49,,,,,,Valid
a4203d99-23a3-4d17-83a5-edfbf9a266c0,17/08/2025,08:43 AM,30yd Sprint,a95ace1b-ef54-43ee-9a42-1b42771b5128,7,2,1.214,0.8,0.754,0.722,0.671,0.675,,,,,,1.214,2.014,2.768,3.49,4.161,4.836,,,,,,4.836,5,5,5,5,5,5,,,,,,4.12,6.25,6.63,6.93,7.45,7.41,,,,,,Valid
9a1b030b-629b-4dd0-b77e-6543ac15dc67,17/08/2025,08:45 AM,30yd Sprint,a95ace1b-ef54-43ee-9a42-1b42771b5128,7,2,1.212,0.844,0.703,0.689,0.645,0.671,,,,,,1.212,2.056,2.759,3.448,4.093,4.764,,,,,,4.764,5,5,5,5,5,5,,,,,,4.13,5.92,7.11,7.26,7.75,7.45,,,,,,Valid
07d011b6-fe6f-4210-97f8-76db414dee2e,17/08/2025,08:54 AM,30yd Sprint,a95ace1b-ef54-43ee-9a42-1b42771b5128,7,2,1.15,0.754,0.658,0.667,0.621,0.67,,,,,,1.15,1.904,2.562,3.229,3.85,4.52,,,,,,4.52,5,5,5,5,5,5,,,,,,4.35,6.63,7.6,7.5,8.05,7.46,,,,,,Valid
4d7548fb-1fdb-4d4f-9ba6-1620af9f1d2f,17/08/2025,08:36 AM,30yd Sprint,a95ace1b-ef54-43ee-9a42-1b42771b5128,7,2,1.165,0.811,0.708,0.673,0.629,0.644,,,,,,1.165,1.976,2.684,3.357,3.986,4.63,,,,,,4.63,5,5,5,5,5,5,,,,,,4.29,6.17,7.06,7.43,7.95,7.76,,,,,,Valid
22254221-cc7b-4ece-831b-7753a96090d1,17/08/2025,08:28 AM,30yd Sprint,a95ace1b-ef54-43ee-9a42-1b42771b5128,7,2,1.25,0.778,0.715,0.73,0.611,0.631,,,,,,1.25,2.028,2.743,3.473,4.084,4.715,,,,,,4.715,5,5,5,5,5,5,,,,,,4,6.43,6.99,6.85,8.18,7.92,,,,,,Valid
cbe72f8c-5ae1-465a-a3f5-45039d13e470,17/08/2025,08:22 AM,30yd Sprint,a95ace1b-ef54-43ee-9a42-1b42771b5128,7,2,1.2,0.91,0.779,0.742,0.725,0.804,,,,,,1.2,2.11,2.889,3.631,4.356,5.16,,,,,,5.16,5,5,5,5,5,5,,,,,,4.17,5.49,6.42,6.74,6.9,6.22,,,,,,Valid
f6ed7c54-46ee-4c06-bd75-0552edd35a86,17/08/2025,08:21 AM,30yd Sprint,a95ace1b-ef54-43ee-9a42-1b42771b5128,7,2,1.199,0.8,0.713,0.669,0.617,0.665,,,,,,1.199,1.999,2.712,3.381,3.998,4.663,,,,,,4.663,5,5,5,5,5,5,,,,,,4.17,6.25,7.01,7.47,8.1,7.52,,,,,,Valid
854f037e-3158-45cf-b5ea-9c709641e417,17/08/2025,08:44 AM,30yd Sprint,a95ace1b-ef54-43ee-9a42-1b42771b5128,7,2,1.119,0.839,0.732,0.691,0.649,0.655,,,,,,1.119,1.958,2.69,3.381,4.03,4.685,,,,,,4.685,5,5,5,5,5,5,,,,,,4.47,5.96,6.83,7.24,7.7,7.63,,,,,,Valid
ab4b4d22-e858-4de3-9113-2e5b9c177500,17/08/2025,08:29 AM,30yd Sprint,a95ace1b-ef54-43ee-9a42-1b42771b5128,7,2,1.222,0.76,0.685,0.642,0.597,0.582,,,,,,1.222,1.982,2.667,3.309,3.906,4.488,,,,,,4.488,5,5,5,5,5,5,,,,,,4.09,6.58,7.3,7.79,8.38,8.59,,,,,,Valid
873ca3b5-8585-4c00-ad99-d85539183582,17/08/2025,08:29 AM,30yd Sprint,a95ace1b-ef54-43ee-9a42-1b42771b5128,7,2,1.194,0.77,0.699,,,0.64,,,,,,1.194,1.964,2.663,,,4.613,,,,,,4.613,5,5,5,5,5,5,,,,,,4.19,6.49,7.15,,,7.81,,,,,,Valid
6dbf42b5-f353-4cb3-aaba-1918d79b5784,17/08/2025,08:54 AM,30yd Sprint,a95ace1b-ef54-43ee-9a42-1b42771b5128,7,2,1.296,0.851,0.809,0.756,0.711,0.738,,,,,,1.296,2.147,2.956,3.712,4.423,5.161,,,,,,5.161,5,5,5,5,5,5,,,,,,3.86,5.88,6.18,6.61,7.03,6.78,,,,,,Valid
fb19e221-2d5c-489c-8784-96a2a0323b94,17/08/2025,08:55 AM,30yd Sprint,a95ace1b-ef54-43ee-9a42-1b42771b5128,7,2,1.195,0.795,0.67,0.666,0.631,0.669,,,,,,1.195,1.99,2.66,3.326,3.957,4.626,,,,,,4.626,5,5,5,5,5,5,,,,,,4.18,6.29,7.46,7.51,7.92,7.47,,,,,,Valid
cdef4326-dae2-4775-b842-4fd3fe5f34a5,17/08/2025,08:37 AM,30yd Sprint,a95ace1b-ef54-43ee-9a42-1b42771b5128,7,2,1.472,0.845,0.723,0.718,0.646,0.649,,,,,,1.472,2.317,3.04,3.758,4.404,5.053,,,,,,5.053,5,5,5,5,5,5,,,,,,3.4,5.92,6.92,6.96,7.74,7.7,,,,,,Valid
bdfb9b9d-6ac1-4b34-88c0-eadd54d63a2d,17/08/2025,08:53 AM,30yd Sprint,a95ace1b-ef54-43ee-9a42-1b42771b5128,7,2,,,,,,4.837,,,,,,,,,,,4.872,,,,,,4.872,5,5,5,5,5,5,,,,,,,,,,,1.03,,,,,,Valid
dd1bb780-41f7-4d52-8f83-3088c584ca70,17/08/2025,08:36 AM,30yd Sprint,a95ace1b-ef54-43ee-9a42-1b42771b5128,7,2,1.287,0.811,0.753,0.715,0.639,0.739,,,,,,1.287,2.098,2.851,3.566,4.205,4.944,,,,,,4.944,5,5,5,5,5,5,,,,,,3.89,6.17,6.64,6.99,7.82,6.77,,,,,,Valid
3f981991-e2dc-4ee4-bb4b-5733733a12e1,17/08/2025,08:45 AM,30yd Sprint,a95ace1b-ef54-43ee-9a42-1b42771b5128,7,2,1.178,0.792,0.682,0.657,0.591,0.641,,,,,,1.178,1.97,2.652,3.309,3.9,4.541,,,,,,4.541,5,5,5,5,5,5,,,,,,4.24,6.31,7.33,7.61,8.46,7.8,,,,,,Valid
3913038f-bf0f-4ed9-90d1-89e8c404fc9b,17/08/2025,08:37 AM,30yd Sprint,a95ace1b-ef54-43ee-9a42-1b42771b5128,7,2,1.276,0.806,0.78,,,,,,,,,1.276,2.082,2.862,,,,,,,,,2.862,5,5,5,5,5,5,,,,,,3.92,6.2,6.41,,,,,,,,,Valid
a0df75c5-ae50-43af-9b2a-41855646740c,17/08/2025,08:29 AM,30yd Sprint,a95ace1b-ef54-43ee-9a42-1b42771b5128,7,2,1.133,0.78,0.692,0.744,0.585,0.729,,,,,,1.133,1.913,2.605,3.349,3.934,4.663,,,,,,4.663,5,5,5,5,5,5,,,,,,4.41,6.41,7.23,6.72,8.55,6.86,,,,,,Valid
87e2d9bf-dadc-4202-b483-2e3fee35834a,17/08/2025,08:21 AM,30yd Sprint,a95ace1b-ef54-43ee-9a42-1b42771b5128,7,2,1.209,0.799,0.739,0.76,0.626,0.738,,,,,,1.209,2.008,2.747,3.507,4.133,4.871,,,,,,4.871,5,5,5,5,5,5,,,,,,4.14,6.26,6.77,6.58,7.99,6.78,,,,,,Valid
29c053b7-322e-4e20-8773-83b2e6fae05f,17/08/2025,08:59 AM,30yd Sprint,a95ace1b-ef54-43ee-9a42-1b42771b5128,7,2,1.169,0.774,0.717,0.707,,,,,,,,1.169,1.943,2.66,3.367,,,,,,,,3.367,5,5,5,5,5,5,,,,,,4.28,6.46,6.97,7.07,,,,,,,,Valid
2c1aac33-30d7-4b1e-be00-0c106fcd235b,17/08/2025,08:38 AM,30yd Sprint,a95ace1b-ef54-43ee-9a42-1b42771b5128,7,2,1.249,0.839,0.727,0.708,0.651,0.691,,,,,,1.249,2.088,2.815,3.523,4.174,4.865,,,,,,4.865,5,5,5,5,5,5,,,,,,4,5.96,6.88,7.06,7.68,7.24,,,,,,Valid
8ebb21d1-84ab-4846-a228-fdcf1f9a34b9,17/08/2025,08:28 AM,30yd Sprint,a95ace1b-ef54-43ee-9a42-1b42771b5128,7,2,1.211,0.815,0.709,,,0.657,,,,,,1.211,2.026,2.735,,,4.736,,,,,,4.736,5,5,5,5,5,5,,,,,,4.13,6.13,7.05,,,7.61,,,,,,Valid
f3293177-dfe2-45e1-8f9e-d774d61c92ec,17/08/2025,08:44 AM,30yd Sprint,a95ace1b-ef54-43ee-9a42-1b42771b5128,7,2,1.227,0.847,0.721,0.727,0.614,0.746,,,,,,1.227,2.074,2.795,3.522,4.136,4.882,,,,,,4.882,5,5,5,5,5,5,,,,,,4.07,5.9,6.93,6.88,8.14,6.7,,,,,,Valid
4d7548fb-1fdb-4d4f-9ba6-1620af9f1d2f,17/08/2025,08:32 AM,30yd Sprint,a95ace1b-ef54-43ee-9a42-1b42771b5128,7,1,1.216,0.837,0.705,0.714,0.63,0.672,,,,,,1.216,2.053,2.758,3.472,4.102,4.774,,,,,,4.774,5,5,5,5,5,5,,,,,,4.11,5.97,7.09,7,7.94,7.44,,,,,,Valid
29c053b7-322e-4e20-8773-83b2e6fae05f,17/08/2025,08:55 AM,30yd Sprint,a95ace1b-ef54-43ee-9a42-1b42771b5128,7,1,1.17,0.775,0.733,0.691,0.621,0.711,,,,,,1.17,1.945,2.678,3.369,3.99,4.701,,,,,,4.701,5,5,5,5,5,5,,,,,,4.27,6.45,6.82,7.24,8.05,7.03,,,,,,Valid
29c053b7-322e-4e20-8773-83b2e6fae05f,17/08/2025,08:52 AM,30yd Sprint,a95ace1b-ef54-43ee-9a42-1b42771b5128,7,1,1.17,0.783,0.75,0.699,0.613,0.721,,,,,,1.17,1.953,2.703,3.402,4.015,4.736,,,,,,4.736,5,5,5,5,5,5,,,,,,4.27,6.39,6.67,7.15,8.16,6.93,,,,,,Valid
bdfb9b9d-6ac1-4b34-88c0-eadd54d63a2d,17/08/2025,08:48 AM,30yd Sprint,a95ace1b-ef54-43ee-9a42-1b42771b5128,7,1,1.302,0.774,0.769,0.705,0.658,0.673,,,,,,1.302,2.076,2.845,3.55,4.208,4.881,,,,,,4.881,5,5,5,5,5,5,,,,,,3.84,6.46,6.5,7.09,7.6,7.43,,,,,,Valid
dd1bb780-41f7-4d52-8f83-3088c584ca70,17/08/2025,08:33 AM,30yd Sprint,a95ace1b-ef54-43ee-9a42-1b42771b5128,7,1,1.27,0.852,0.742,0.74,0.652,0.723,,,,,,1.27,2.122,2.864,3.604,4.256,4.979,,,,,,4.979,5,5,5,5,5,5,,,,,,3.94,5.87,6.74,6.76,7.67,6.92,,,,,,Valid
07d011b6-fe6f-4210-97f8-76db414dee2e,17/08/2025,08:50 AM,30yd Sprint,a95ace1b-ef54-43ee-9a42-1b42771b5128,7,1,1.067,0.77,0.673,0.727,0.57,0.598,,,,,,1.067,1.837,2.51,3.237,3.807,4.405,,,,,,4.405,5,5,5,5,5,5,,,,,,4.69,6.49,7.43,6.88,8.77,8.36,,,,,,Valid
873ca3b5-8585-4c00-ad99-d85539183582,17/08/2025,08:27 AM,30yd Sprint,a95ace1b-ef54-43ee-9a42-1b42771b5128,7,1,1.127,0.772,0.7,0.723,0.6,0.637,,,,,,1.127,1.899,2.599,3.322,3.922,4.559,,,,,,4.559,5,5,5,5,5,5,,,,,,4.44,6.48,7.14,6.92,8.33,7.85,,,,,,Valid
a4203d99-23a3-4d17-83a5-edfbf9a266c0,17/08/2025,08:41 AM,30yd Sprint,a95ace1b-ef54-43ee-9a42-1b42771b5128,7,1,1.153,0.803,0.754,0.751,0.698,0.706,,,,,,1.153,1.956,2.71,3.461,4.159,4.865,,,,,,4.865,5,5,5,5,5,5,,,,,,4.34,6.23,6.63,6.66,7.16,7.08,,,,,,Valid
8ebb21d1-84ab-4846-a228-fdcf1f9a34b9,17/08/2025,08:25 AM,30yd Sprint,a95ace1b-ef54-43ee-9a42-1b42771b5128,7,1,1.222,0.828,0.719,,,0.699,,,,,,1.222,2.05,2.769,,,4.821,,,,,,4.821,5,5,5,5,5,5,,,,,,4.09,6.04,6.95,,,7.15,,,,,,Valid
ab4b4d22-e858-4de3-9113-2e5b9c177500,17/08/2025,08:27 AM,30yd Sprint,a95ace1b-ef54-43ee-9a42-1b42771b5128,7,1,1.235,0.741,0.732,0.662,0.587,0.652,,,,,,1.235,1.976,2.708,3.37,3.957,4.609,,,,,,4.609,5,5,5,5,5,5,,,,,,4.05,6.75,6.83,7.55,8.52,7.67,,,,,,Valid
f3293177-dfe2-45e1-8f9e-d774d61c92ec,17/08/2025,08:42 AM,30yd Sprint,a95ace1b-ef54-43ee-9a42-1b42771b5128,7,1,,,,,,4.669,,,,,,,,,,,4.907,,,,,,4.907,5,5,5,5,5,5,,,,,,,,,,,1.07,,,,,,Valid
9a1b030b-629b-4dd0-b77e-6543ac15dc67,17/08/2025,08:42 AM,30yd Sprint,a95ace1b-ef54-43ee-9a42-1b42771b5128,7,1,1.216,0.746,0.739,0.743,0.656,0.675,,,,,,1.216,1.962,2.701,3.444,4.1,4.775,,,,,,4.775,5,5,5,5,5,5,,,,,,4.11,6.7,6.77,6.73,7.62,7.41,,,,,,Valid
cdef4326-dae2-4775-b842-4fd3fe5f34a5,17/08/2025,08:33 AM,30yd Sprint,a95ace1b-ef54-43ee-9a42-1b42771b5128,7,1,1.302,0.856,0.7,0.736,0.66,0.683,,,,,,1.302,2.158,2.858,3.594,4.254,4.937,,,,,,4.937,5,5,5,5,5,5,,,,,,3.84,5.84,7.14,6.79,7.58,7.32,,,,,,Valid
3f981991-e2dc-4ee4-bb4b-5733733a12e1,17/08/2025,08:43 AM,30yd Sprint,a95ace1b-ef54-43ee-9a42-1b42771b5128,7,1,1.162,0.793,0.692,0.691,0.574,0.62,,,,,,1.162,1.955,2.647,3.338,3.912,4.532,,,,,,4.532,5,5,5,5,5,5,,,,,,4.3,6.31,7.23,7.24,8.71,8.06,,,,,,Valid
f6ed7c54-46ee-4c06-bd75-0552edd35a86,17/08/2025,08:18 AM,30yd Sprint,a95ace1b-ef54-43ee-9a42-1b42771b5128,7,1,1.261,0.817,0.692,,,0.654,,,,,,1.261,2.078,2.77,,,4.737,,,,,,4.737,5,5,5,5,5,5,,,,,,3.97,6.12,7.23,,,7.65,,,,,,Valid
87e2d9bf-dadc-4202-b483-2e3fee35834a,17/08/2025,08:19 AM,30yd Sprint,a95ace1b-ef54-43ee-9a42-1b42771b5128,7,1,1.244,0.816,0.739,0.739,0.642,0.724,,,,,,1.244,2.06,2.799,3.538,4.18,4.904,,,,,,4.904,5,5,5,5,5,5,,,,,,4.02,6.13,6.77,6.77,7.79,6.91,,,,,,Valid
22254221-cc7b-4ece-831b-7753a96090d1,17/08/2025,08:25 AM,30yd Sprint,a95ace1b-ef54-43ee-9a42-1b42771b5128,7,1,1.14,0.809,0.711,0.683,0.659,0.707,,,,,,1.14,1.949,2.66,3.343,4.002,4.709,,,,,,4.709,5,5,5,5,5,5,,,,,,4.39,6.18,7.03,7.32,7.59,7.07,,,,,,Valid
6dbf42b5-f353-4cb3-aaba-1918d79b5784,17/08/2025,08:50 AM,30yd Sprint,a95ace1b-ef54-43ee-9a42-1b42771b5128,7,1,1.793,0.846,0.799,0.753,0.707,0.728,,,,,,1.793,2.639,3.438,4.191,4.898,5.626,,,,,,5.626,5,5,5,5,5,5,,,,,,2.79,5.91,6.26,6.64,7.07,6.87,,,,,,Valid
854f037e-3158-45cf-b5ea-9c709641e417,17/08/2025,08:41 AM,30yd Sprint,a95ace1b-ef54-43ee-9a42-1b42771b5128,7,1,1.143,0.8,0.708,0.749,0.657,0.681,,,,,,1.143,1.943,2.651,3.4,4.057,4.738,,,,,,4.738,5,5,5,5,5,5,,,,,,4.37,6.25,7.06,6.68,7.61,7.34,,,,,,Valid
5fd8792f-7d52-4132-9444-5e58d7578023,17/08/2025,08:49 AM,30yd Sprint,a95ace1b-ef54-43ee-9a42-1b42771b5128,7,1,1.341,0.871,0.718,0.786,0.665,0.753,,,,,,1.341,2.212,2.93,3.716,4.381,5.134,,,,,,5.134,5,5,5,5,5,5,,,,,,3.73,5.74,6.96,6.36,7.52,6.64,,,,,,Valid
cbe72f8c-5ae1-465a-a3f5-45039d13e470,17/08/2025,08:20 AM,30yd Sprint,a95ace1b-ef54-43ee-9a42-1b42771b5128,7,1,1.211,0.839,0.811,0.715,0.705,0.699,,,,,,1.211,2.05,2.861,3.576,4.281,4.98,,,,,,4.98,5,5,5,5,5,5,,,,,,4.13,5.96,6.17,6.99,7.09,7.15,,,,,,Valid
a0df75c5-ae50-43af-9b2a-41855646740c,17/08/2025,08:26 AM,30yd Sprint,a95ace1b-ef54-43ee-9a42-1b42771b5128,7,1,1.262,0.768,0.722,,,0.686,,,,,,1.262,2.03,2.752,,,4.801,,,,,,4.801,5,5,5,5,5,5,,,,,,3.96,6.51,6.93,,,7.29,,,,,,Valid
06c71e5c-cd0f-430a-bb03-3baa86430007,17/08/2025,08:48 AM,30yd Sprint,a95ace1b-ef54-43ee-9a42-1b42771b5128,7,1,1.267,0.786,0.718,0.684,0.636,0.655,,,,,,1.267,2.053,2.771,3.455,4.091,4.746,,,,,,4.746,5,5,5,5,5,5,,,,,,3.95,6.36,6.96,7.31,7.86,7.63,,,,,,Valid
2c1aac33-30d7-4b1e-be00-0c106fcd235b,17/08/2025,08:35 AM,30yd Sprint,a95ace1b-ef54-43ee-9a42-1b42771b5128,7,1,1.185,0.869,0.733,0.718,0.667,0.703,,,,,,1.185,2.054,2.787,3.505,4.172,4.875,,,,,,4.875,5,5,5,5,5,5,,,,,,4.22,5.75,6.82,6.96,7.5,7.11,,,,,,Valid
fb19e221-2d5c-489c-8784-96a2a0323b94,17/08/2025,08:51 AM,30yd Sprint,a95ace1b-ef54-43ee-9a42-1b42771b5128,7,1,1.221,0.779,0.708,0.682,0.616,0.601,,,,,,1.221,2,2.708,3.39,4.006,4.607,,,,,,4.607,5,5,5,5,5,5,,,,,,4.1,6.42,7.06,7.33,8.12,8.32,,,,,,Valid
3913038f-bf0f-4ed9-90d1-89e8c404fc9b,17/08/2025,08:34 AM,30yd Sprint,a95ace1b-ef54-43ee-9a42-1b42771b5128,7,1,1.269,0.857,0.756,,,,,,,,,1.269,2.126,2.882,,,,,,,,,2.882,5,5,5,5,5,5,,,,,,3.94,5.83,6.61,,,,,,,,,Valid
