subject_uuid,Test Type,Date,Time,BW [KG],Reps,Tags,Additional Load [lb],Jump Height (Imp-Mom) [cm] ,Force at Peak Power [N] ,Peak Power / BM [W/kg] ,Peak Power [W] ,Concentric Impulse [N s] ,Concentric Impulse (Abs) / BM [N s/kg] ,Concentric Impulse-50ms [N s] ,Concentric Impulse-100ms [N s] ,Concentric Peak Force / BM [N/kg] 
6024b985-9db2-4625-855c-a8902b28e287,CMJ,09/01/2026,9:33 AM,51.55,3,,0,33.2,1077,49.8,2570,131.2,5.083,34.3,62.1,23.9
68ba208c-e483-496b-a380-3330f1c8d1f2,CMJ,08/25/2026,7:18 AM,62.36,3,,0,24.7,1240,41.3,2574,137.2,5.351,21.6,42.2,21.1
d04a8cf7-1b14-4ecc-96a0-7c60b8181f80,CMJ,08/25/2026,7:18 AM,70.93,3,,0,26.7,1362,42.1,2983,162.5,4.870,45.2,81.2,23.5
8171e469-2cf0-4495-a162-28523f1c37b8,CMJ,08/25/2026,7:17 AM,53.77,3,,0,36.0,1167,53.8,2894,142.9,4.991,40.8,77.2,25.5
0953475b-4ec0-4605-bb8c-c08c74308d1f,CMJ,08/25/2026,7:17 AM,56.64,3,,0,29.7,1143,46.0,2606,136.9,5.316,29.0,54.3,21.3
8ebb21d1-84ab-4846-a228-fdcf1f9a34b9,CMJ,08/25/2026,7:16 AM,61.37,3,,0,29.4,1205,44.2,2715,147.4,4.948,41.2,75.9,24.1
11401ea2-9080-404e-b2ca-fdc4003f493f,CMJ,08/25/2026,7:16 AM,54.11,3,,0,27.7,1199,49.3,2670,126.1,4.635,39.3,71.1,25.0
8f9a1d5c-813d-4196-8a5e-37138d85343d,CMJ,08/25/2026,7:15 AM,70.03,3,,0,23.5,1275,37.8,2648,150.6,4.667,44.9,85.5,23.0
9a1b030b-629b-4dd0-b77e-6543ac15dc67,CMJ,08/25/2026,7:15 AM,71.65,3,,0,31.4,1425,46.3,3316,177.8,5.250,46.1,81.5,23.7
c3a96b0a-98b0-4c5c-8cf0-e29c80251e93,CMJ,08/25/2026,7:14 AM,56.33,3,,0,29.4,1235,50.0,2815,135.2,5.175,26.1,51.1,22.9
27695e1e-45aa-49e4-822b-c38be9fdf949,CMJ,08/25/2026,7:14 AM,61.9,3,,0,29.0,1318,46.9,2902,147.5,4.690,41.3,79.0,24.6
9c089293-87ee-4369-9900-179d2b44564d,CMJ,08/25/2026,7:13 AM,79.54,3,,0,25.3,1506,40.7,3234,177.5,4.893,47.6,88.2,22.2
4d7548fb-1fdb-4d4f-9ba6-1620af9f1d2f,CMJ,08/25/2026,7:13 AM,68.68,3,,0,27.4,1254,40.8,2804,159.2,5.600,41.7,70.5,23.3
a29eddec-b5b1-400f-8bfc-94182622870c,CMJ,08/25/2026,7:12 AM,55.51,3,,0,30.8,1176,49.3,2738,136.6,5.245,35.5,61.2,24.3
a4203d99-23a3-4d17-83a5-edfbf9a266c0,CMJ,08/25/2026,7:12 AM,64.75,3,,0,27.2,1210,41.1,2658,149.3,5.412,36.6,62.4,22.6
06c71e5c-cd0f-430a-bb03-3baa86430007,CMJ,08/25/2026,7:11 AM,63.89,3,,0,35.9,1353,53.0,3384,169.6,5.339,42.4,78.6,23.9
41d77c54-30d6-487d-9328-741ed16ca4a0,CMJ,08/25/2026,7:11 AM,59.42,3,,0,34.5,1225,49.7,2952,154.3,5.157,43.5,81.0,25.2
87e2d9bf-dadc-4202-b483-2e3fee35834a,CMJ,08/25/2026,7:10 AM,59.96,3,,0,24.3,1236,42.8,2566,130.8,4.326,41.9,80.1,24.4
d20d7d1f-63fb-43ac-a866-7d8623852f18,CMJ,08/25/2026,7:10 AM,66.52,3,,0,30.0,1442,49.0,3257,161.5,5.085,34.3,64.0,22.7
6024b985-9db2-4625-855c-a8902b28e287,CMJ,08/25/2026,7:09 AM,52.29,3,,0,32.7,1092,49.3,2576,132.6,5.069,35.2,63.9,24.1
a0df75c5-ae50-43af-9b2a-41855646740c,CMJ,08/25/2026,7:09 AM,57.96,3,,0,28.6,1133,43.5,2524,136.9,5.318,34.3,62.8,22.6
22254221-cc7b-4ece-831b-7753a96090d1,CMJ,08/25/2026,7:08 AM,58.01,3,,0,34.8,1142,49.3,2860,151.6,5.470,37.2,68.0,23.3
cbe72f8c-5ae1-465a-a3f5-45039d13e470,CMJ,08/25/2026,7:08 AM,61.37,3,,0,29.4,1162,43.6,2674,147.3,5.554,38.7,65.7,23.7
3a64a8ed-9513-4652-982a-3a3573852f3d,CMJ,08/25/2026,2:36 AM,68.28,2,,0,32.3,1551,53.1,3623,171.8,4.889,37.2,81.0,24.4
888bc2d4-4923-415f-bbd5-3568e2bc0f51,CMJ,08/25/2026,2:36 AM,85.43,2,,0,35.4,1604,47.7,4076,225.1,5.655,52.3,97.9,22.4
73c3f58b-b017-4f98-acc6-30cc0b36b4b9,CMJ,08/25/2026,2:35 AM,69.58,2,,0,33.2,1328,46.9,3260,177.3,6.300,31.2,58.5,19.5
a16341de-4e4c-47a3-bf9c-73beadb84889,CMJ,08/25/2026,2:35 AM,76.02,2,,0,37.3,1736,58.1,4414,205.8,5.129,45.0,92.3,24.0
fd50323c-e3cd-4256-9832-ce6a132b76a1,CMJ,08/25/2026,2:34 AM,79.69,2,,0,35.8,1643,51.4,4096,211.1,5.444,43.1,83.7,21.8
a1ee8574-ee79-499a-a77b-bf04c62457da,CMJ,08/25/2026,2:34 AM,72.48,3,,0,37.4,1743,58.9,4267,196.2,5.446,28.4,60.5,25.6
244d461e-64e6-4e31-9161-07efb9485361,CMJ,08/25/2026,2:34 AM,78.71,2,,0,34.3,1546,48.1,3789,203.8,5.542,41.2,80.7,21.6
5e0b77df-1117-457d-b219-40f4f4659759,CMJ,08/25/2026,2:34 AM,88.06,2,,0,34.3,1712,48.1,4238,228.3,5.942,36.5,74.5,20.2
a66dbba2-a1b0-4146-a90d-2f54e5eb44a4,CMJ,08/25/2026,2:33 AM,80.56,2,,0,36.0,1653,50.5,4071,213.5,5.146,62.7,115.1,26.1
66ccd6ec-cb42-481d-90cf-2ca609a9eef8,CMJ,08/25/2026,2:33 AM,68.45,2,,0,33.7,1546,54.1,3707,176.3,5.292,37.4,66.1,24.3
a3eff9b3-1369-4738-afb3-530948180241,CMJ,08/25/2026,2:32 AM,66.19,2,,0,38.8,1569,58.7,3882,182.6,4.710,62.3,121.1,28.8
869a2f96-ea7e-41c1-8225-0592f5dac360,CMJ,08/25/2026,2:32 AM,69.59,2,,0,32.0,1451,48.7,3390,174.2,4.876,45.5,90.3,23.3
df79741a-0c54-486b-8a9c-644933bb2932,CMJ,08/25/2026,2:32 AM,77.34,2,,0,42.5,1904,64.5,4991,223.1,5.317,42.7,95.9,26.1
bebc91e6-c532-4e43-9208-d747dff7a7c8,CMJ,08/25/2026,2:32 AM,74.56,2,,0,35.3,1484,49.0,3652,196.5,5.131,52.8,98.8,24.6
c2e8e048-67b2-4cca-8bac-7914842464c4,CMJ,08/25/2026,2:31 AM,72.38,2,,0,38.8,1492,53.1,3845,199.9,5.821,35.9,71.1,21.4
8720d9d1-c213-400a-bd49-d989bc14b14d,CMJ,08/25/2026,2:31 AM,67.79,2,,0,36.8,1464,54.4,3687,181.9,5.326,42.5,82.7,23.2
c5657db0-19d6-4a18-aebb-eee986114646,CMJ,08/25/2026,2:30 AM,82.19,2,,0,34.9,1575,47.7,3923,215.3,5.140,68.5,123.5,27.9
ea32ada1-3719-4cab-a88b-0b56811dfa1f,CMJ,08/25/2026,2:30 AM,67.22,2,,0,38.0,1651,60.8,4087,183.6,4.767,56.8,115.2,27.5
bb1135cd-f25d-46a0-af00-fefcaaa08cf2,CMJ,08/25/2026,2:30 AM,69.37,2,,0,37.7,1532,55.4,3846,188.8,5.452,33.8,70.5,23.8
b668e746-c85f-4439-9902-3301644fa9d6,CMJ,08/25/2026,2:29 AM,83.87,3,,0,36.8,1723,51.4,4315,225.2,5.343,54.6,106.3,22.9
1b9f67e0-f77d-47cf-a1f1-3abaaa17068a,CMJ,08/25/2026,2:29 AM,85.57,2,,0,44.7,1824,58.8,5034,253.0,5.678,59.6,114.9,24.0
dda8709b-f996-4ad8-9824-e08df523ec23,CMJ,08/25/2026,2:28 AM,67.59,3,,0,49.8,1581,66.4,4485,208.3,6.989,28.7,54.6,24.8
60cf5fd7-297f-45eb-982f-6780b2558107,CMJ,08/25/2026,2:28 AM,75.64,2,,0,33.5,1538,49.5,3744,194.0,5.874,42.9,71.7,23.0
fb8a8a70-19ab-453f-af0a-f65950e9633a,CMJ,08/25/2026,2:28 AM,78.16,2,,0,32.4,1745,52.0,4067,197.0,4.825,47.2,99.4,24.0
c4af5dff-a038-40c0-8eab-be2e9a653245,CMJ,08/25/2026,2:27 AM,64.11,2,,0,38.9,1285,53.1,3404,177.1,6.014,34.8,64.8,21.4
641ba67a-fcc7-455e-85b4-44948d50f8ee,CMJ,08/25/2026,2:27 AM,71.01,2,,0,33.2,1637,52.4,3724,181.1,4.747,39.7,88.0,25.4
01495ae2-46d3-4146-83ef-324c89184396,CMJ,08/25/2026,2:26 AM,76.23,2,,0,37.8,1666,55.7,4246,207.5,5.492,37.8,78.2,23.4
0530676d-7e30-4462-8040-5f6609e81874,CMJ,08/25/2026,2:26 AM,71.11,2,,0,41.0,1545,56.9,4043,199.7,5.647,32.8,68.9,23.0
3b64d0cc-84bd-4d01-8932-816eb6e5408b,CMJ,08/25/2026,2:25 AM,73.32,2,,0,34.0,1632,52.2,3828,189.6,4.718,63.5,124.7,27.4
b680bdf4-68b7-4866-a877-fbc866ff6600,CMJ,08/25/2026,2:25 AM,79.34,2,,0,43.0,1786,60.9,4829,231.0,5.329,60.6,118.4,25.2
18a1b661-49ee-482f-b4cb-af6185688d3e,CMJ,08/19/2026,1:06 AM,53.2,3,,0,32.4,1149,51.5,2738,134.1,4.658,45.2,83.2,27.7
6024b985-9db2-4625-855c-a8902b28e287,CMJ,08/19/2026,1:05 AM,51.75,3,,0,32.1,1112,49.6,2567,129.9,5.017,30.6,57.9,23.2
18a1b661-49ee-482f-b4cb-af6185688d3e,CMJ,08/06/2026,12:43 AM,50.83,1,,0,32.1,1091,50.8,2583,127.5,4.686,41.5,75.6,27.3
6024b985-9db2-4625-855c-a8902b28e287,CMJ,08/06/2026,12:43 AM,52.31,1,,0,30.4,1082,46.6,2438,127.8,5.247,26.8,49.0,21.7
18a1b661-49ee-482f-b4cb-af6185688d3e,CMJ,08/06/2026,12:42 AM,50.7,1,,0,32.7,1059,50.4,2556,128.6,4.860,37.9,70.7,25.3
6024b985-9db2-4625-855c-a8902b28e287,CMJ,08/06/2026,12:42 AM,52.4,1,,0,29.4,1090,46.5,2436,125.8,5.461,20.3,38.7,21.9
18a1b661-49ee-482f-b4cb-af6185688d3e,CMJ,08/06/2026,12:41 AM,50.69,1,,0,30.0,1134,50.9,2579,122.7,4.589,36.0,68.9,24.3
6024b985-9db2-4625-855c-a8902b28e287,CMJ,08/06/2026,12:41 AM,52.24,1,,0,28.5,1090,45.4,2374,123.4,5.246,21.5,42.0,22.1
cbe72f8c-5ae1-465a-a3f5-45039d13e470,CMJ,04/23/2026,8:07 AM,63.55,3,,0,30.0,1209,44.4,2820,154.0,5.451,44.4,77.0,25.1
40432303-15b6-4517-b85c-2c2012d97137,CMJ,04/23/2026,8:07 AM,74.61,3,,0,24.4,1406,39.4,2940,163.1,4.595,49.5,91.0,24.3
f3293177-dfe2-45e1-8f9e-d774d61c92ec,CMJ,04/23/2026,8:06 AM,66.19,3,,0,24.4,1288,41.4,2741,144.6,4.827,40.0,73.2,22.5
29c053b7-322e-4e20-8773-83b2e6fae05f,CMJ,04/23/2026,8:06 AM,63.26,3,,0,32.7,1112,43.2,2730,160.4,5.310,54.9,91.9,29.1
a4203d99-23a3-4d17-83a5-edfbf9a266c0,CMJ,04/23/2026,8:05 AM,67.21,3,,0,26.7,1223,40.2,2701,153.7,5.258,42.6,71.6,24.2
8ebb21d1-84ab-4846-a228-fdcf1f9a34b9,CMJ,04/23/2026,8:05 AM,59.66,3,,0,31.4,1224,47.8,2850,147.8,4.907,42.6,80.0,24.7
a29eddec-b5b1-400f-8bfc-94182622870c,CMJ,04/23/2026,8:04 AM,56.85,3,,0,30.8,1184,48.2,2740,139.9,5.099,36.3,64.3,24.1
22254221-cc7b-4ece-831b-7753a96090d1,CMJ,04/23/2026,8:04 AM,60.48,3,,0,34.5,1180,48.4,2926,157.4,5.365,43.7,76.9,25.6
854f037e-3158-45cf-b5ea-9c709641e417,CMJ,04/23/2026,8:03 AM,75.22,2,,0,28.5,1547,46.3,3484,177.7,5.162,37.7,69.5,21.5
41d77c54-30d6-487d-9328-741ed16ca4a0,CMJ,04/23/2026,8:03 AM,59.07,3,,0,38.4,1273,54.8,3235,162.2,5.228,46.6,86.8,26.3
9a1b030b-629b-4dd0-b77e-6543ac15dc67,CMJ,04/23/2026,8:02 AM,72.87,3,,0,31.7,1432,46.1,3361,181.8,5.231,47.9,84.7,24.1
4d7548fb-1fdb-4d4f-9ba6-1620af9f1d2f,CMJ,04/23/2026,8:02 AM,67.04,3,,0,28.7,1190,40.8,2737,158.7,5.463,44.1,75.6,24.5
ab4b4d22-e858-4de3-9113-2e5b9c177500,CMJ,04/23/2026,8:02 AM,65.78,3,,0,33.9,1348,50.1,3299,169.7,5.042,50.8,90.7,26.4
87e2d9bf-dadc-4202-b483-2e3fee35834a,CMJ,04/23/2026,8:00 AM,58.51,3,,0,24.6,1250,44.8,2620,128.6,4.166,49.9,93.1,27.4
06c71e5c-cd0f-430a-bb03-3baa86430007,CMJ,04/23/2026,8:00 AM,63.58,3,,0,35.9,1301,51.9,3302,169.0,5.391,42.1,77.4,23.9
73c3f58b-b017-4f98-acc6-30cc0b36b4b9,CMJ,04/14/2026,12:37 AM,73,3,,0,32.6,1376,46.4,3389,184.4,6.279,33.6,63.5,19.5
ea32ada1-3719-4cab-a88b-0b56811dfa1f,CMJ,04/14/2026,12:19 AM,70.62,3,,0,38.7,1942,66.9,4726,195.2,4.415,83.1,159.8,33.8
df79741a-0c54-486b-8a9c-644933bb2932,CMJ,04/14/2026,12:18 AM,77.67,3,,0,41.7,1987,66.1,5131,221.7,4.916,64.8,133.8,28.8
a3eff9b3-1369-4738-afb3-530948180241,CMJ,04/14/2026,12:18 AM,65.91,3,,0,40.5,1630,62.3,4108,185.8,4.627,71.5,132.8,32.3
a16341de-4e4c-47a3-bf9c-73beadb84889,CMJ,04/14/2026,12:17 AM,80.8,3,,0,37.6,1918,60.1,4855,219.2,4.916,62.7,124.1,25.6
888bc2d4-4923-415f-bbd5-3568e2bc0f51,CMJ,04/14/2026,12:16 AM,87.43,3,,0,36.3,1639,48.1,4209,233.5,5.432,69.7,123.9,27.1
81ddf3f9-a4cd-4885-97de-f8a7f387c208,CMJ,04/14/2026,12:15 AM,61.88,3,,0,36.8,1344,54.4,3366,166.5,5.227,36.7,74.7,23.0
3b64d0cc-84bd-4d01-8932-816eb6e5408b,CMJ,04/14/2026,12:15 AM,71.09,3,,0,35.5,1642,55.4,3940,187.8,4.743,62.4,122.5,27.7
dbb4aa40-74a4-42c0-bc11-3a8a85dc7d1a,CMJ,04/14/2026,12:14 AM,78.42,3,,0,29.8,1411,42.1,3298,189.2,5.015,63.6,112.6,27.4
b680bdf4-68b7-4866-a877-fbc866ff6600,CMJ,04/14/2026,12:14 AM,75.03,3,,0,43.8,1756,63.3,4747,220.0,5.211,59.7,117.1,26.3
66ccd6ec-cb42-481d-90cf-2ca609a9eef8,CMJ,04/14/2026,12:13 AM,71.28,3,,0,35.5,1752,58.4,4164,188.1,4.722,57.2,118.5,27.3
244d461e-64e6-4e31-9161-07efb9485361,CMJ,04/14/2026,12:12 AM,81.06,3,,0,37.2,1613,51.1,4144,219.0,5.412,54.2,103.1,23.5
0530676d-7e30-4462-8040-5f6609e81874,CMJ,04/14/2026,12:12 AM,72.77,3,,0,33.9,1429,48.3,3513,187.5,5.453,41.5,80.0,21.4
60cf5fd7-297f-45eb-982f-6780b2558107,CMJ,04/14/2026,12:11 AM,76.56,1,,0,35.1,1555,50.2,3842,200.8,5.447,47.6,85.9,23.5
c4af5dff-a038-40c0-8eab-be2e9a653245,CMJ,04/14/2026,12:10 AM,66.19,3,,0,40.6,1294,52.5,3477,186.7,6.008,43.4,80.1,23.3
60cf5fd7-297f-45eb-982f-6780b2558107,CMJ,04/14/2026,12:10 AM,76.48,3,,0,35.5,1596,52.1,3981,202.0,5.386,49.7,91.7,23.8
fb19e221-2d5c-489c-8784-96a2a0323b94,CMJ,02/21/2026,8:30 AM,69.31,3,,0,29.7,1462,47.8,3316,167.1,5.141,41.4,72.6,23.0
fb19e221-2d5c-489c-8784-96a2a0323b94,CMJ,02/21/2026,8:26 AM,69.38,3,,0,27.1,1554,47.7,3309,160.0,5.141,33.7,58.2,23.5
fb19e221-2d5c-489c-8784-96a2a0323b94,CMJ,02/21/2026,8:22 AM,69.44,3,,0,28.6,1490,47.3,3282,164.4,5.054,42.0,74.8,22.9
fb19e221-2d5c-489c-8784-96a2a0323b94,CMJ,02/21/2026,8:14 AM,69.61,3,,0,28.9,1480,47.1,3275,165.5,5.146,38.1,69.3,22.3
fb19e221-2d5c-489c-8784-96a2a0323b94,CMJ,02/21/2026,8:00 AM,69.77,3,,0,30.9,1448,47.8,3338,171.8,5.172,40.0,73.1,22.2
fb19e221-2d5c-489c-8784-96a2a0323b94,CMJ,02/17/2026,9:09 AM,69.57,4,,0,30.7,1423,47.9,3331,170.4,4.980,48.0,87.6,24.5
a4203d99-23a3-4d17-83a5-edfbf9a266c0,CMJ,01/30/2026,3:20 AM,64.71,3,,0,25.9,1225,40.8,2643,146.3,5.346,32.1,56.9,21.0
06c71e5c-cd0f-430a-bb03-3baa86430007,CMJ,01/27/2026,9:11 AM,62.99,3,,0,30.1,1258,46.7,2942,153.1,5.183,39.2,72.7,22.7
41d77c54-30d6-487d-9328-741ed16ca4a0,CMJ,01/27/2026,9:09 AM,57.03,3,,0,31.9,1139,47.3,2695,142.4,5.013,40.9,76.5,24.9
8ebb21d1-84ab-4846-a228-fdcf1f9a34b9,CMJ,01/27/2026,9:09 AM,57.22,3,,0,26.9,1085,41.1,2349,132.0,4.922,37.5,67.1,24.3
29c053b7-322e-4e20-8773-83b2e6fae05f,CMJ,01/27/2026,9:08 AM,61.31,3,,0,34.4,1073,43.8,2686,158.4,5.402,54.2,90.2,29.5
f3293177-dfe2-45e1-8f9e-d774d61c92ec,CMJ,01/27/2026,9:08 AM,63.24,3,,0,24.0,1179,39.5,2495,137.3,5.217,27.5,53.9,19.3
cbe72f8c-5ae1-465a-a3f5-45039d13e470,CMJ,01/27/2026,9:07 AM,63.86,3,,0,27.3,1205,41.9,2677,148.1,5.438,34.4,61.1,21.9
9a1b030b-629b-4dd0-b77e-6543ac15dc67,CMJ,01/27/2026,9:07 AM,71.03,3,,0,29.7,1358,43.7,3103,171.5,5.161,47.2,82.7,24.4
87e2d9bf-dadc-4202-b483-2e3fee35834a,CMJ,01/27/2026,9:06 AM,57.88,3,,0,23.5,1143,41.1,2377,124.4,4.470,37.5,70.3,23.4
a0df75c5-ae50-43af-9b2a-41855646740c,CMJ,01/27/2026,9:05 AM,57.38,3,,0,29.7,1108,44.4,2549,139.0,5.103,37.5,68.2,23.7
22254221-cc7b-4ece-831b-7753a96090d1,CMJ,01/27/2026,9:05 AM,58.71,3,,0,34.5,1159,48.8,2862,152.8,5.482,39.8,69.7,24.4
854f037e-3158-45cf-b5ea-9c709641e417,CMJ,01/27/2026,9:04 AM,74.14,3,,0,31.3,1601,50.1,3712,183.4,4.657,55.2,104.0,25.1
4d7548fb-1fdb-4d4f-9ba6-1620af9f1d2f,CMJ,01/27/2026,9:04 AM,66.71,3,,0,30.9,1240,43.7,2915,164.2,5.603,42.8,73.0,24.0
ab4b4d22-e858-4de3-9113-2e5b9c177500,CMJ,01/27/2026,9:02 AM,66.97,3,,0,33.0,1494,52.7,3527,170.6,4.531,61.7,116.1,28.6
ce96297b-aef4-4201-ab7d-1371d7297d30,CMJ,01/27/2026,1:53 AM,71.24,3,,0,41.3,1638,60.1,4280,202.8,5.050,64.3,122.9,28.3
df79741a-0c54-486b-8a9c-644933bb2932,CMJ,01/27/2026,1:51 AM,77.09,3,,0,37.7,2025,62.8,4842,210.0,4.653,68.5,143.1,29.6
c4af5dff-a038-40c0-8eab-be2e9a653245,CMJ,01/27/2026,1:50 AM,61.41,3,,0,34.6,1170,47.1,2895,159.8,5.799,35.6,65.7,21.7
fdf84293-add6-4bbf-a0df-e46427a4eb99,CMJ,01/27/2026,1:48 AM,69.42,3,,0,40.9,1469,56.1,3894,196.2,5.533,41.4,83.8,23.4
81ddf3f9-a4cd-4885-97de-f8a7f387c208,CMJ,01/27/2026,1:47 AM,58.64,3,,0,34.3,1309,53.1,3111,152.0,5.004,30.8,68.7,23.9
a16341de-4e4c-47a3-bf9c-73beadb84889,CMJ,01/27/2026,1:46 AM,77.82,3,,0,36.3,1833,58.2,4529,207.7,4.702,66.8,130.8,27.2
dbb4aa40-74a4-42c0-bc11-3a8a85dc7d1a,CMJ,01/27/2026,1:44 AM,76.12,3,,0,28.8,1355,40.8,3104,181.4,5.200,55.2,99.8,25.4
1ca9de9b-dac2-4f0f-bdd5-8c5714a68cc0,CMJ,01/27/2026,1:43 AM,83.22,2,,0,36.5,1753,51.9,4321,222.5,5.322,45.6,95.7,22.7
244d461e-64e6-4e31-9161-07efb9485361,CMJ,01/27/2026,1:41 AM,80.4,3,,0,35.4,1631,50.6,4069,211.7,5.301,51.6,98.8,22.9
a3eff9b3-1369-4738-afb3-530948180241,CMJ,01/27/2026,1:40 AM,65.92,3,,0,39.4,1552,59.2,3904,183.4,4.829,60.1,114.8,28.4
73c3f58b-b017-4f98-acc6-30cc0b36b4b9,CMJ,01/27/2026,1:38 AM,71.37,3,,0,32.0,1350,46.2,3296,178.8,5.925,33.9,65.8,19.7
66ccd6ec-cb42-481d-90cf-2ca609a9eef8,CMJ,01/27/2026,1:36 AM,69.07,3,,0,31.5,1578,52.5,3626,171.3,4.984,37.2,74.5,24.8
888bc2d4-4923-415f-bbd5-3568e2bc0f51,CMJ,01/27/2026,1:35 AM,93.33,3,,0,34.6,1708,45.7,4264,243.7,5.500,69.4,121.2,26.2
3a64a8ed-9513-4652-982a-3a3573852f3d,CMJ,01/27/2026,1:34 AM,68.6,3,,0,31.4,1552,52.1,3572,170.2,4.789,40.5,85.3,24.6
fd50323c-e3cd-4256-9832-ce6a132b76a1,CMJ,01/27/2026,1:33 AM,80.24,3,,0,35.9,1666,52.2,4190,213.0,5.361,49.4,94.0,22.9
0530676d-7e30-4462-8040-5f6609e81874,CMJ,01/27/2026,1:31 AM,71.3,3,,0,38.5,1479,53.4,3810,195.0,5.788,26.7,61.0,21.9
8720d9d1-c213-400a-bd49-d989bc14b14d,CMJ,01/27/2026,1:28 AM,66,3,,0,39.9,1411,55.8,3680,184.7,5.310,46.2,90.3,24.7
3b64d0cc-84bd-4d01-8932-816eb6e5408b,CMJ,01/27/2026,1:27 AM,69.8,3,,0,32.6,1534,51.1,3567,176.4,4.659,62.0,118.8,27.9
01495ae2-46d3-4146-83ef-324c89184396,CMJ,01/27/2026,1:25 AM,76.14,3,,0,39.7,1655,56.0,4262,212.6,5.401,51.8,98.8,23.6
b680bdf4-68b7-4866-a877-fbc866ff6600,CMJ,01/27/2026,1:23 AM,75.85,3,,0,40.0,1531,53.6,4064,212.2,5.531,52.0,97.9,23.7
b51cd86a-9d38-40a3-8fb6-1e3893857e88,CMJ,01/27/2026,1:19 AM,75.8,3,,0,42.6,1497,54.0,4090,219.6,5.871,54.0,96.3,25.3
a29eddec-b5b1-400f-8bfc-94182622870c,CMJ,09/24/2025,6:37 AM,56.3,3,,0,29.8,1139,46.6,2623,135.9,5.474,28.3,51.0,20.9
41d77c54-30d6-487d-9328-741ed16ca4a0,CMJ,09/24/2025,5:53 AM,57.75,3,,0,30.7,1141,45.4,2622,142.3,5.041,40.6,75.1,24.7
41d77c54-30d6-487d-9328-741ed16ca4a0,CMJ,09/13/2025,8:40 AM,56.94,5,,0,29.1,1096,43.2,2458,135.9,5.102,38.2,69.1,24.2
bc8caca5-cb63-40ee-ba9a-62a635ec4a05,CMJ,08/30/2025,8:15 AM,76.31,3,,0,44.8,1728,61.8,4716,226.3,5.535,49.6,99.2,24.4
01495ae2-46d3-4146-83ef-324c89184396,CMJ,08/30/2025,8:14 AM,75.81,3,,0,41.2,1733,60.0,4545,214.5,5.242,54.1,106.0,25.1
a29eddec-b5b1-400f-8bfc-94182622870c,CMJ,08/28/2025,5:35 AM,57.32,3,,0,28.4,1186,46.7,2675,135.1,5.266,30.3,54.3,21.6
41d77c54-30d6-487d-9328-741ed16ca4a0,CMJ,08/28/2025,5:34 AM,58.8,3,,0,25.7,1028,38.1,2240,132.1,5.673,32.6,56.1,22.0
41d77c54-30d6-487d-9328-741ed16ca4a0,CMJ,08/28/2025,5:32 AM,58.97,3,,0,24.4,1056,38.0,2243,128.7,5.432,33.1,57.8,22.1
9fe3a0cf-b703-4522-8a79-4c6452f6abc6,CMJ,08/28/2025,5:31 AM,73.61,3,,0,21.8,1284,36.4,2680,151.5,4.706,51.6,91.2,24.8
cae2b11a-5515-4922-8fe3-86c4c2ae18d6,CMJ,08/17/2025,9:34 AM,83.65,3,,0,49.5,1893,64.4,5387,259.4,5.494,77.2,144.4,29.3
ce96297b-aef4-4201-ab7d-1371d7297d30,CMJ,08/17/2025,9:31 AM,67.35,3,,0,47.4,1526,64.6,4353,205.2,5.460,61.8,113.8,29.2
df79741a-0c54-486b-8a9c-644933bb2932,CMJ,08/17/2025,9:29 AM,78.76,3,,0,42.7,1865,63.1,4968,227.9,5.326,50.7,107.5,25.2
b680bdf4-68b7-4866-a877-fbc866ff6600,CMJ,08/17/2025,9:27 AM,79.47,3,,0,40.7,1772,58.3,4636,224.4,5.347,50.7,101.5,23.6
ea32ada1-3719-4cab-a88b-0b56811dfa1f,CMJ,08/17/2025,9:26 AM,70.7,3,,0,41.4,1775,64.9,4587,201.2,4.892,66.4,129.6,28.8
3a64a8ed-9513-4652-982a-3a3573852f3d,CMJ,08/17/2025,9:25 AM,68.65,3,,0,32.2,1582,53.3,3662,172.6,4.535,56.8,111.9,27.0
db2ade3b-aec7-4930-a714-731303f3ff88,CMJ,08/17/2025,9:24 AM,82.38,3,,0,45.8,1730,59.7,4918,246.4,5.705,60.7,114.8,25.0
dbb4aa40-74a4-42c0-bc11-3a8a85dc7d1a,CMJ,08/17/2025,9:23 AM,74.85,3,,0,28.8,1334,41.6,3111,177.0,5.516,47.1,84.6,23.1
36220e68-d1be-4d98-9059-74de3091b1b1,CMJ,08/17/2025,9:22 AM,76.04,3,,0,32.0,1549,47.9,3642,190.9,5.054,45.0,91.3,22.8
5e0b77df-1117-457d-b219-40f4f4659759,CMJ,08/17/2025,9:21 AM,86.82,3,,0,38.5,1941,56.1,4872,238.8,5.163,63.6,126.6,24.8
3b64d0cc-84bd-4d01-8932-816eb6e5408b,CMJ,08/17/2025,9:20 AM,68.5,3,,0,35.7,1523,53.8,3688,180.6,4.847,55.9,109.9,26.4
c4af5dff-a038-40c0-8eab-be2e9a653245,CMJ,08/17/2025,9:19 AM,65.57,3,,0,39.7,1311,52.9,3467,183.3,5.836,44.6,80.0,24.0
52525e58-1f87-453e-b89d-f7fa45a737ba,CMJ,08/17/2025,9:18 AM,74.42,3,,0,36.4,1388,47.3,3521,199.7,5.279,64.7,111.0,29.1
fdf84293-add6-4bbf-a0df-e46427a4eb99,CMJ,08/17/2025,9:17 AM,67.05,3,,0,36.7,1417,53.2,3566,180.2,5.067,52.3,100.2,26.0
216d3c0e-24d3-47b2-8bf0-1ff559e3b440,CMJ,08/17/2025,9:16 AM,70.67,3,,0,41.8,1565,59.3,4191,202.2,5.444,46.5,93.8,24.4
b51cd86a-9d38-40a3-8fb6-1e3893857e88,CMJ,08/17/2025,9:15 AM,76.33,3,,0,43.1,1550,55.6,4245,221.8,5.795,55.0,98.1,25.5
60cf5fd7-297f-45eb-982f-6780b2558107,CMJ,08/17/2025,9:14 AM,74.79,3,,0,32.2,1480,47.8,3574,187.6,5.614,45.8,78.6,23.9
d8df6e8d-921c-49b6-9c5d-53a5b02173f3,CMJ,08/17/2025,9:13 AM,80.16,3,,0,46.6,1647,58.6,4699,241.6,6.152,57.6,101.0,25.4
73c3f58b-b017-4f98-acc6-30cc0b36b4b9,CMJ,08/17/2025,9:12 AM,68.41,3,,0,34.0,1270,46.4,3174,176.7,6.126,35.6,67.7,20.4
8720d9d1-c213-400a-bd49-d989bc14b14d,CMJ,08/17/2025,9:11 AM,64.73,3,,0,38.2,1484,58.3,3774,177.2,5.118,44.5,91.7,25.2
fd50323c-e3cd-4256-9832-ce6a132b76a1,CMJ,08/17/2025,9:09 AM,79.88,3,,0,34.1,1612,49.8,3980,206.8,5.688,43.9,81.3,21.4
a16341de-4e4c-47a3-bf9c-73beadb84889,CMJ,08/17/2025,9:08 AM,73.83,3,,0,41.7,1878,67.1,4956,210.0,4.746,68.6,135.3,28.6
244d461e-64e6-4e31-9161-07efb9485361,CMJ,08/17/2025,9:07 AM,77.83,3,,0,39.8,1546,53.1,4133,217.3,5.715,50.0,93.8,23.4
f3293177-dfe2-45e1-8f9e-d774d61c92ec,CMJ,08/17/2025,8:21 AM,61.73,3,,0,23.5,1264,42.0,2593,132.4,4.571,31.0,65.0,21.8
a0df75c5-ae50-43af-9b2a-41855646740c,CMJ,08/17/2025,8:10 AM,55.13,3,,0,29.8,1048,43.5,2396,133.1,5.200,33.9,63.5,22.5
87e2d9bf-dadc-4202-b483-2e3fee35834a,CMJ,08/17/2025,8:08 AM,57.52,3,,0,25.8,1186,44.4,2554,129.2,4.494,40.7,78.1,24.3
cbe72f8c-5ae1-465a-a3f5-45039d13e470,CMJ,08/17/2025,8:07 AM,65.32,3,,0,24.6,1203,39.1,2553,143.0,5.235,37.7,65.7,22.5
3f981991-e2dc-4ee4-bb4b-5733733a12e1,CMJ,08/17/2025,8:06 AM,71.03,3,,0,35.0,1410,49.6,3522,186.6,5.275,51.1,94.8,25.0
854f037e-3158-45cf-b5ea-9c709641e417,CMJ,08/17/2025,8:05 AM,75.28,3,,0,34.5,1535,50.5,3804,195.9,5.878,33.6,64.2,21.0
3913038f-bf0f-4ed9-90d1-89e8c404fc9b,CMJ,08/17/2025,8:05 AM,69.05,3,,0,22.4,1187,35.2,2432,145.1,4.900,47.1,80.4,25.1
bdfb9b9d-6ac1-4b34-88c0-eadd54d63a2d,CMJ,08/17/2025,8:04 AM,59.91,3,,0,30.9,1307,50.7,3035,147.5,4.640,47.4,90.6,26.0
07d011b6-fe6f-4210-97f8-76db414dee2e,CMJ,08/17/2025,8:02 AM,58.67,3,,0,38.7,1275,55.8,3272,161.3,5.390,42.3,74.7,25.5
22254221-cc7b-4ece-831b-7753a96090d1,CMJ,08/17/2025,8:02 AM,56.33,3,,0,33.3,1099,47.4,2669,143.9,5.321,40.0,69.9,25.4
6dbf42b5-f353-4cb3-aaba-1918d79b5784,CMJ,08/17/2025,8:00 AM,64.2,3,,0,24.1,1165,37.9,2434,139.7,5.197,35.1,61.9,21.6
8ebb21d1-84ab-4846-a228-fdcf1f9a34b9,CMJ,08/17/2025,8:00 AM,55.92,3,,0,29.6,1127,45.8,2560,135.0,4.769,41.5,77.5,25.3
a4203d99-23a3-4d17-83a5-edfbf9a266c0,CMJ,08/17/2025,7:59 AM,61.78,3,,0,27.9,1261,44.2,2732,144.8,4.952,34.0,65.5,22.0
a29eddec-b5b1-400f-8bfc-94182622870c,CMJ,08/17/2025,7:58 AM,57.61,3,,0,27.9,1205,46.4,2671,134.5,5.113,31.6,56.3,22.2
5fd8792f-7d52-4132-9444-5e58d7578023,CMJ,08/17/2025,7:57 AM,67.57,3,,0,23.0,1207,36.6,2473,144.0,4.910,38.6,69.7,22.1
06c71e5c-cd0f-430a-bb03-3baa86430007,CMJ,08/17/2025,7:56 AM,63.72,4,,0,29.1,1304,46.7,2978,152.5,5.007,39.0,73.1,22.5
cdef4326-dae2-4775-b842-4fd3fe5f34a5,CMJ,08/17/2025,7:55 AM,68.39,3,,0,24.6,1232,38.3,2620,150.2,4.773,50.1,85.3,25.9
dd1bb780-41f7-4d52-8f83-3088c584ca70,CMJ,08/17/2025,7:54 AM,72.2,3,,0,28.3,1489,45.0,3251,170.9,4.583,56.0,104.7,26.0
2c1aac33-30d7-4b1e-be00-0c106fcd235b,CMJ,08/17/2025,7:53 AM,57.83,3,,0,26.5,1066,40.6,2350,132.2,4.803,44.1,74.1,27.4
f6ed7c54-46ee-4c06-bd75-0552edd35a86,CMJ,08/17/2025,7:52 AM,64.72,3,,0,27.9,1192,41.8,2703,150.9,5.294,41.3,73.6,23.7
873ca3b5-8585-4c00-ad99-d85539183582,CMJ,08/17/2025,7:51 AM,64.46,3,,0,34.2,1378,51.8,3342,166.8,4.916,51.6,92.7,26.9
29c053b7-322e-4e20-8773-83b2e6fae05f,CMJ,08/17/2025,7:50 AM,58.48,3,,0,34.5,1022,44.3,2590,151.8,5.689,47.6,79.6,27.4
fb19e221-2d5c-489c-8784-96a2a0323b94,CMJ,08/17/2025,7:49 AM,67.41,3,,0,32.0,1363,48.2,3251,169.3,5.010,52.1,93.2,26.4
9a1b030b-629b-4dd0-b77e-6543ac15dc67,CMJ,08/17/2025,7:48 AM,66.94,4,,0,30.1,1345,46.0,3081,162.6,5.077,46.0,78.2,25.2
4d7548fb-1fdb-4d4f-9ba6-1620af9f1d2f,CMJ,08/17/2025,7:46 AM,67.32,3,,0,28.3,1187,40.6,2735,158.3,5.438,45.0,77.4,24.4
ab4b4d22-e858-4de3-9113-2e5b9c177500,CMJ,08/17/2025,7:45 AM,66.82,3,,0,33.5,1459,52.4,3500,171.5,4.881,47.5,90.0,24.7
